title,country
Internet Famous,United States
The Cruise,Poland
Kong: King of the Apes, Japan
Living with Yourself,United States
Mutant Busters,Spain
The Bachelors,United States
Caida del Cielo,Argentina
Rise: Ini Kalilah,Malaysia
Dries, Belgium
Rachel Getting Married,United States
THE UNLISTED,Australia
Catwalk: Tales from the Cat Show Circuit,Canada
The Basement,United States
I Am Sun Mu, South Korea
Super Deluxe,India
The Exception,United Kingdom
The Breadwinner, Canada
Imagine That, Germany
Flash of Genius, United States
The Art of the Steal,Canada
Tremors 6: A Cold Day in Hell,United States
Happy as Lazzaro, Germany
"Power Rangers Samurai: Christmas Together, Friends Forever (Christmas Special)",United States
Jeff Dunham: Beside Himself,United States
SHOT! The Psycho-Spiritual Mantra of Rock, United States
Holy Expectations,
The Kissing Booth,United Kingdom
The Spectacular Now,United States
My Husband Won't Fit,Japan
My Dog is My Guide,Egypt
Klaus,Spain
Riphagen - The Untouchable,Netherlands
Battle, Denmark
Beat Bugs: All Together Now,Australia
Company,India
Mighty Morphin Power Rangers, Japan
Lion Pride,Taiwan
The Lizzie Borden Chronicles,United States
Grillo vs Grillo,Italy
Camelia la Texana,Mexico
Nova: Ultimate Mars Challenge,United States
The Twilight Zone (Original Series),United States
13 Sins,United States
You Get Me,United States
Famous in Ahmedabad,India
Ready to Mingle,Mexico
The Salvation, Belgium
The Matrix Reloaded,United States
Colony,United States
Habibie & Ainun,Indonesia
IBOY,United Kingdom
Weed the People,United States
Young & Hungry,United States
Masha and the Bear,Russia
Sacro GRA,Italy
Out of Thin Air,
B.A. Pass 2,India
Medical Police,United States
Murderous Affairs,United States
Icarus,United States
Amy Schumer Growing,United States
Mystery Science Theater 3000: The Return,United States
Kon-Tiki, Sweden
Battle, Netherlands
Arthdal Chronicles,South Korea
Raja Hindustani,India
The Seventies,United States
The Rebound,United States
Gotham,United States
The Hundred-Foot Journey,United States
Christopher Robin,United States
Poster Boys,India
Adventures in Public School,Canada
Little Singham aur Kaal ka Mahajaal,
Tikli and Laxmi Bomb,India
Next,United States
Power Rangers Beast Morphers,United States
Genius of the Modern World,United Kingdom
Million Yen Women,Japan
A House of Blocks,
Struggle: The Life and Lost Art of Szukalski,Poland
Wives on Strike,Nigeria
Pegasus,China
Antar: Son of Shadad,Egypt
Thi Mai,Spain
The Great Gambler,India
Romance is a bonus book,South Korea
Sigaram Thodu,India
Kipo and the Age of Wonderbeasts,United States
Bard of Blood,India
Full Out,Canada
The Matrix,United States
The House on Coco Road,United States
Alpha and Omega: The Legend of the Saw Tooth Cave, India
The Phantom of the Opera,United Kingdom
Green Door,Taiwan
Boss,India
Gook,United States
Street Food,United States
Great Yellowstone Thaw,United Kingdom
Rory Scovel Tries Stand-Up for the First Time,United States
King of Boys,Nigeria
Nacho Libre, Mexico
A Serious Man,United States
Twinsanity,United States
Age of Glory,
Love and Fortune,Japan
Jenny Slate: Stage Fright,United States
Travelers,Canada
The Drowning, Hong Kong
History of Joy,India
Awe,India
Soni,India
The Prince of Tennis ~ Match! Tennis Juniors ~,China
Yo-Kai Watch: The Movie,Japan
The World's Most Wanted Animal,United Kingdom
Arsenio Hall: Smart & Classy,United States
See You in Time,
Moonwalkers,France
Scary Movie,United States
Peter Rabbit,United States
Harvey Street Kids,United States
Super Monsters Back to School,Canada
Forgive Us Our Debts,Italy
Alpha and Omega 2: A Howl-iday Adventure,United States
Pretty Man,
The Chosen Ones, France
Ali Wong: Hard Knock Wife,United States
A Family Affair, Denmark
Seth Rogen's Hilarity for Charity,United States
The Windsors,United Kingdom
Evan Almighty,United States
Supergirl,United Kingdom
Tokyo Idols,United Kingdom
Thumper,United States
Sofía Niño de Rivera: Exposed,Mexico
Aftershock,United States
Hush,United States
Right Here Right Now,Germany
The Adjusters,
The Pursuit of Happyness,United States
Gentlemen and Gangsters,Sweden
Luck by Chance,India
Singles Villa,China
American Honey,United Kingdom
Nappily Ever After,United States
Highway,India
Nowhere Boy,United Kingdom
Dr. Seuss' The Grinch, Japan
Patron Mutlu Son Istiyor,Turkey
The Congress, France
Miss Culinary,
Monster High: New Ghoul at School,United States
Melvin Goes to Dinner,United States
The Two Popes, United States
Mercenary,France
Where the Money Is,Germany
Steve Martin and Martin Short: An Evening You Will Forget for the Rest of Your Life,United States
Miss Me This Christmas,United States
Ricardo O'Farrill: Abrazo navideño,Mexico
Suburra: Blood on Rome,Italy
Danger Mouse: Classic Collection,United Kingdom
The Midas Touch,Hong Kong
Cave,Norway
El Reemplazante,Chile
The Redeemed and the Dominant: Fittest on Earth,United States
Yunus Emre,Turkey
Iron Sky: The Coming Race, Belgium
Operation Proposal,South Korea
The Pyramid Code,Canada
Yes or No,Thailand
A Wrinkle in Time,United States
Bo on the Go!,Canada
Yoko and His Friends,Russia
Bruno and Boots: This Can't Be Happening at Macdonald Hall,Canada
Bir Baba Hindu,Turkey
The Adventures of Puss in Boots,United States
Mokalik (Mechanic),Nigeria
Denis Leary: No Cure For Cancer,United States
Fuller House,United States
Blessed Benefit, Netherlands
Parks and Recreation,United States
Secrets in the Hot Spring,Taiwan
Sahara,France
Girls und Panzer der Film,Japan
Emo the Musical,Australia
The Danish Girl, Japan
Inkheart, United Kingdom
The Twins Effect II, China
Iqbal,India
HOMECOMING: A film by Beyoncé,
Jack Whitehall: At Large,United Kingdom
Another Forever, Netherlands
The Distinguished Citizen, Spain
The Walls of the Moon,Egypt
Deon Cole: Cole Hearted,United States
Reggie Yates Outside Man,United Kingdom
India: Nature's Wonderland,United Kingdom
Una,United Kingdom
Crash, Germany
Mission Istaanbul: Darr Ke Aagey Jeet Hai,India
Vettai,India
Down The Fence,United States
Temporada de Caza,Argentina
Louis C.K.: Hilarious,United States
NOVA: Killer Hurricanes,United States
Let's Dance,France
Baahubali: The Beginning (English Version),India
Ordinary Heroes,
Veerappan,India
Inxeba, France
Battlefield Recovery,United Kingdom
The Gospel of Matthew,
Legion,United States
La Niña,Colombia
No Tomorrow,United States
Bean: The Ultimate Disaster Movie, United States
Drishyam,India
World of Winx,Italy
Cappuccino,India
For Love or Money,United Kingdom
The Secret Life of Pets 2, France
Monty Python's Life of Brian,United Kingdom
Lost in Space,United States
Remember, Mexico
Milk,United States
Phobia 2,Thailand
Michael,India
Deadline: Sirf 24 Ghante,India
"Plaire, aimer et courir vite",France
The Final Destination,United States
Black Sea, United States
Ninja Turtles: The Next Mutation,Canada
Travis Scott: Look Mom I Can Fly,United States
Only the Dead,Australia
The African Doctor,France
Happy!,United States
Monster House,United States
Frozen Planet: The Epic Journey, Germany
The Physician,Germany
Bunk'd,United States
Green Eggs and Ham, United Kingdom
Leslie Jones: Time Machine,United States
Winnie,France
Falling Inn Love,United States
Chicken Little,United States
Jackie: A Tale of Two Sisters,United Kingdom
Mojave,United States
One Direction: This Is Us,United States
Dead in a Week (Or Your Money Back),United Kingdom
Chauthi Koot,India
The Damned Rain,India
All the Devil's Men,United Kingdom
Honey: Rise Up and Dance,United States
Casino Tycoon,Hong Kong
Mission Blue, Ecuador
E-Cigarettes: Miracle or Menace?,United Kingdom
Inside the Criminal Mind,United States
Marvel's Luke Cage,United States
Once in a Lifetime Sessions with Kasabian,
Thithi, United States
Free Willy, Mexico
Small Crimes,Canada
For Your Own Good,Spain
Merlí,Spain
"El Pepe, a Supreme Life", Serbia
"Justice, My Foot!",Hong Kong
The Breadwinner, United States
Patriot Games,United States
Haikyu!!,Japan
DreamWorks Spooky Stories: Volume 2,
Skin Trade, United States
Power Rangers Super Samurai: Stuck on Christmas,United States
Scare Tactics,United States
Cop Car,United States
Lock,India
Pan's Labyrinth,Mexico
Classic Legends,India
The Green Inferno,United States
Alt-Right: Age of Rage,
Falsa identidad,Mexico
Empire of Scents, France
Laerte-se,Brazil
The Duchess, Italy
The Milk System, Italy
Bill Burr: Walk Your Way Out,United States
Terrace House: Aloha State,United States
Hasta los dientes,Mexico
Mau Nieto: Viviendo sobrio… desde el bar,Mexico
Benji's Very Own Christmas Story,United States
Bugs, Denmark
Inspector Gadget,Canada
Terminator 3: Rise of the Machines, United Kingdom
SunGanges,India
Garfunkel and Oates: Trying to be Special,United States
Baahubali 2: The Conclusion (Malayalam Version),India
ViR: The Robot Boy,
Super Monsters,
Mowgli: Legend of the Jungle, United States
Shortcut Safari,India
After Life,United Kingdom
Bright,United States
Personal Shopper, Belgium
We Need to Talk,Spain
Haunting on Fraternity Row,United States
Blue Planet II,United Kingdom
Heartthrob,United States
Derren Brown: Sacrifice,
Liar's Dice,India
Radiopetti,India
Another Forever, Austria
Away From Home,
Como caído del cielo,Mexico
Railroad Tigers,China
Between,Canada
Mostly Sunny,Canada
The Burial of Kojo,Ghana
In The Deep,United Kingdom
Zoé: Panoramas,
Love Shot,United States
Bullet Head, United States
Cities of Last Things, United States
Pari,Pakistan
The Memory of Water, Spain
Waterschool, India
One in a Billion,United States
Numbered,Israel
Playing Hard, United States
Running for Grace,United States
Dream Big: Engineering Our World,United States
Maroon,India
K-On!,Japan
Locke,United Kingdom
Bad Match,Singapore
K-19: The Widowmaker, Germany
Secrets of Great British Castles,United Kingdom
Sanai Choughade,India
The Apostate,Spain
The Bomb Squad,United Kingdom
Hymn of Death,South Korea
DC's Legends of Tomorrow,United States
The Imaginarium of Doctor Parnassus, Canada
The Tudors, United Kingdom
Luckee,India
The Hockey Girls,Spain
Morris from America, United States
Swearnet Live,Canada
Christmas Break-In,United States
Don 2, Germany
Domino,Denmark
Barbecue, United States
Daughters of the Dust,United Kingdom
Monkey Up,Canada
Kahlil Gibran's The Prophet, Qatar
Strong,United States
Regatta,Egypt
I Called Him Morgan,Sweden
The Lobster, Greece
It Takes a Lunatic, Germany
Genius,India
Accidentally in Love,United States
Dilwale,India
Hiroshima: The Real History,United Kingdom
Hostage to the Devil, United Kingdom
God of War,China
Social Animals,United States
The Last Czars,United States
The Black Prince, India
True: Winter Wishes,
The Open House,United States
Saudi Arabia Uncovered,United Kingdom
Irreplaceable You,United States
An American Tail: Fievel Goes West,United States
The Big Catch,United Kingdom
Gol Maal,India
Muran,India
Live,South Korea
Spectral, Hungary
Glee,United States
Thank You,India
Barbie in Princess Power,United States
Club Friday To Be Continued - The Promise,
Still LAUGH-IN: The Stars Celebrate,United States
High Risk,United States
Gargantia on the Verdurous Planet,Japan
10 jours en or,France
The Runner,United States
The Iron Lady, France
Quiet Victory: The Charlie Wedemeyer Story,United States
Logan's Run,United States
Azhar,India
Zapped,Canada
Russian Doll,United States
The Inbetweeners,United Kingdom
The Sinner,United States
The Adventures of Sonic the Hedgehog,United States
Immortal Classic,South Korea
Jagat,Malaysia
Bollywood Calling,India
The Pirates of Somalia, South Africa
One-Punch Man,Japan
Knock Down The House,United States
Deep, United Kingdom
Extremis,United States
The Longshots,United States
The Squid and the Whale,United States
Bayonet,Mexico
Kingdom,South Korea
The Daughter,Australia
Chasing Amy,United States
Mar de Plástico,Spain
Event Horizon,United Kingdom
Khotey Sikkey,India
Sarah Silverman A Speck of Dust,United States
"Extremely Wicked, Shockingly Evil and Vile",United States
Greenhouse Academy,United States
Chronicle of an Escape,Argentina
City of God, France
The Eichmann Show,United Kingdom
In the Shadow of Iris, Belgium
Pink,India
Motown Magic,Australia
Neruda, Argentina
"Pablo Escobar, el patrón del mal",Colombia
Jimmy Carr: Funny Business,United Kingdom
Blue Jay,United States
Kung Fu Yoga, India
The Gospel of John,United Kingdom
Legend of the Naga Pearls,China
Sun Dogs,Mexico
Dave Chappelle: Sticks & Stones,United States
Krish Trish and Baltiboy,
Tu Hai Mera Sunday,India
Power Rangers Zeo, Japan
Cake, Pakistan
It Takes a Lunatic, United Kingdom
Luka Chuppi,India
Goon: Last of the Enforcers,Canada
Soekarno,Indonesia
Lavell Crawford: Can a Brother Get Some Love?,United States
Shameless (U.S.),United States
The Devil Is a Part-Timer!,Japan
Baby,Italy
The Bar,Spain
The Eyes of My Mother,United States
The End of the F***ing World,United Kingdom
Dabbe 5: Zehr-i Cin,Turkey
Pocoyo Halloween: Spooky Movies,
Lorai: Play to Live,India
Chris Rock: Tamborine,United States
Persona,
White Christmas,United States
Winter on Fire: Ukraine's Fight for Freedom,United Kingdom
Fall in Love with Me,Taiwan
Containment,United States
Leap!,France
Monster High: Great Scarrier Reef,United States
Sword Master, Hong Kong
Blood & Treasures,
Kya Kehna,India
Mayday Life, Taiwan
The Eagle of El-Se'eed,
Monster High: Haunted,United States
Prosecuting Evil: The Extraordinary World of Ben Ferencz,Canada
"Edmilson Filho: Notas, Comedy about Relationships",Brazil
Super Wings, China
I Hear You,
W. Kamau Bell: Private School Negro,United States
Okafor's Law,Nigeria
Bilu Rakkhosh,India
This Was Tomorrow,Belgium
Oh Darling Yeh Hai India,India
The Intent,United Kingdom
Sparring,France
Cake,United Kingdom
Set Off,China
Family Business,France
Bridget Christie: Stand Up for Her,United Kingdom
San Pietro,United States
Kanavu Variyam,India
Dinotrux,United States
Berlin Syndrome,Australia
Marvel Super Hero Adventures: Frost Fight!,United States
Dying to Tell,Spain
Burning Sands,United States
Miss Julie, Ireland
Two Lovers and a Bear,Canada
Fastest Car,United States
Fire at Sea,Italy
C Kkompany,India
Taal,India
Brother,France
A.D. Kingdom and Empire,United States
Barcelona: A Love Untold,Philippines
Teen Patti,India
The Love Affair,Philippines
Summer of '92, United Kingdom
Once In A Lifetime Sessions with Nile Rodgers,
A Yellow Bird, France
Man of Tai Chi, China
Live Up To Your Name,
The Power of Grayskull: The Definitive History of He-Man and the Masters of the Universe, United States
Jealousy and medicine,Poland
Doom: Annihilation,United States
Babylon Berlin,Germany
The Ballad of Buster Scruggs,United States
Yoko,
La Viuda Negra,Colombia
The Titan, Spain
The Danish Girl, Belgium
Samantha!,Brazil
The Writer,Lebanon
PJ Masks, United Kingdom
Cleo & Cuquin,Spain
Satte Pe Satta,India
The Incredible Story of the Giant Pear,Denmark
Cowspiracy: The Sustainability Secret,United States
Estar o no estar,Mexico
Legacies,United States
Winter of Our Dreams,Australia
Lionheart,Nigeria
Craig Ferguson: Tickle Fight,United States
Castlevania,United States
Mr. Woodcock,United States
Joan Didion: The Center Will Not Hold,United States
Forbidden Planet,United States
Dr. Seuss' The Grinch,France
El Viaje: Márama y Rombai,
14 Blades, China
Frozen Planet: The Epic Journey, Canada
K.O.3an Guo,Taiwan
Hannah Gadsby: Nanette,Australia
Seven Pounds,United States
Intelligence,Canada
Marc Maron: Too Real,United States
The Adderall Diaries,United States
KENGAN ASHURA, Japan
Moon, United States
Black Sea, Russia
Kath and Kim,Australia
Bee Movie,United States
Bhaage Re Mann,India
The Princess Weiyoung,China
The Look of Silence, Germany
Saving Zoë,United States
Rotten,United States
Atelier,Japan
B.A. Pass,India
Offspring,Australia
Little Singham Bandarpur Mein Hu Ha Hu,
Here to Heart,China
Jindua,India
Qila,India
Candyman,United States
Be-Be-Bears,Russia
Taylor Swift reputation Stadium Tour,
Ghost House,Thailand
The Dark Crystal: Age of Resistance, United States
Rembat,Malaysia
The Real Miyagi, Canada
"Main, Meri Patni Aur Woh",India
"River, el más grande siempre",Argentina
Unicorn Store,United States
Rebellion,Ireland
El Potro: Unstoppable,
"Hello, Privilege. It's Me, Chelsea",United States
Dr. Seuss' The Grinch, United States
White Chamber,United Kingdom
The Monster,United States
The Trust,United States
AJIN: Demi-Human,Japan
The Magic School Bus Rides Again,United States
Eyyvah Eyyvah 2,Turkey
Power Rangers Super Megaforce,United States
The Last Runway,Paraguay
The Boss's Daughter,France
Shiva,India
Amrapali,India
MINDHUNTER,United States
1898: Our Last Men in the Philippines,Spain
Man Up,United Kingdom
Hitler's Olympics,United Kingdom
Dueños del paraíso,United States
Ripper Street,United Kingdom
The Boy in the Striped Pajamas, United States
Bitten,Canada
The App,Italy
Friends from College,United States
Kyun! Ho Gaya Na,India
Star-Crossed,United States
Nymphomaniac: Volume 1, United Kingdom
Angela's Christmas, Canada
The Final Table,United States
Glitter Force Doki Doki,Japan
Zig & Sharko,France
Black Spot,France
Wrong No.,Pakistan
Ghost of the Mountains,United States
Beary Tales,United States
Sparta,Russia
Inside Bill's Brain: Decoding Bill Gates,United States
The Bye Bye Man,United States
The Gospel of John, United States
Son of a Gun, Canada
The Meaning of Monty Python,United States
Suicide (Hitabdut),Israel
Namour,United States
Bad Rap,United States
Secret,Hong Kong
Ghost Stories,India
The Adventures of Tintin, United Kingdom
Elles étaient en guerre 1939-1945,
Z Nation,United States
Super Wings,United States
Haven, United States
Chance Pe Dance,India
Super Bheem Bana Vajraveer,
Salaakhen,India
Elephants Dream 4 Hour,Netherlands
Club de Cuervos Presents: The Ballad of Hugo Sánchez,United States
Set It Up,United States
Nobody Speak: Trials of the Free Press, United States
Power Paandi,India
The Wishing Tree,India
Superbad,United States
Satrangi Re,India
Harriet the Spy: Blog Wars,United States
3 Heroines,Indonesia
Coffee for All,Italy
Resurrection: Ertugrul,Turkey
Phantom Boy, Belgium
Manhunt,United States
Giri / Haji,United Kingdom
Fred Armisen: Standup For Drummers,
The Assassination of Gianni Versace,United States
The Last Shaman, Italy
Horror Story,India
The Good Cop,United States
Traitor,United States
Boys Over Flowers,South Korea
Aashayein,India
Heroin(e),United States
The Brawler,United States
The Dark Crystal: Age of Resistance,United Kingdom
DRAGON PILOT: Hisone & Masotan,Japan
Bad Blood,Canada
Skydancers,United States
Smoking,Japan
Where's the Money,United States
Planet 51, United States
Bangkok Love Stories: Innocence,
Clash of the Titans, Australia
Beyond Skyline, Indonesia
Johnny Test,United States
The Night Shift,United States
Newness,United States
High Seas,Spain
War,United States
Chhota Bheem Aur Kaala Yodha,
White Nights,South Korea
Road to Yesterday,Nigeria
Jackie Brown,United States
Fate/Zero,Japan
Oh! Baby (Tamil),India
Gnome Alone, Cayman Islands
Jim Gaffigan: Obsessed,United States
Argon,South Korea
The Little Nyonya,
Señora Acero,Mexico
Helios, United States
In Laws,
Call the Midwife,United Kingdom
Come Sunday,United States
Mythily Veendum Varunnu,India
Eric ldle's What About Dick?,United States
Cupcake & Dino - General Services, Brazil
Si saben cómo me pongo ¿pá qué me invitan?,Colombia
A Witches' Ball,Canada
Good People, Denmark
Luccas Neto in: Summer Camp,
The Look of Silence, Norway
BAKI,Japan
Gnome Alone, Canada
Robozuna,United Kingdom
Holy Hell,United States
Homeland,
Have You Seen the Listers?,Australia
Jack Taylor, Ireland
Shakti: The Power,India
Good Luck Chuck, Canada
Ash vs. Evil Dead,United States
True: Grabbleapple Harvest,
Océans, United States
Judge Singh LLB,India
Halkaa,India
Arrow,United States
Jen Kirkman: Just Keep Livin’?,United States
At the Dolphin Bay,Taiwan
A Home with A View,Hong Kong
The Devil We Know,United States
MeatEater,United States
Greg Davies: You Magnificent Beast,United Kingdom
Hamburger Hill,United States
Paranormal Activity,United States
Khubsoorat,India
Employee of the Month,United States
The Giant,Spain
Shark Busters,Hong Kong
Prank Encounters,United States
Dolemite Is My Name,United States
Kazoops!,Australia
NiNoKuni,Japan
Bedtime Stories,United States
Hikaru Utada Laughter in the Dark Tour 2018,Japan
Savita Damodar Paranjpe,India
Kung Fu Magoo, United States
Sanju,India
Misaeng,South Korea
Stephanie,United States
Gothika,United States
Rocko's Modern Life: Static Cling,United States
Bates Motel,United States
Behind the Curtain: Todrick Hall,United States
Getting Played,United States
Ponysitters Club,Canada
Free Fire,United Kingdom
ABCD 2,India
Room on the Broom,United Kingdom
Louis C.K.: Live at the Comedy Store,United States
Phantom,India
Sin senos no hay paraíso,Colombia
Life Story,United Kingdom
LEGO Ninjago: Masters of Spinjitzu, United States
The Salvation,Denmark
Sunderland 'Til I Die,United Kingdom
Battlefish,
All of You,Philippines
NCIS,United States
Influx,United Kingdom
Death House,United States
Super Wings, South Korea
Inside Man: Most Wanted,United States
Yo-Kai Watch: The Movie, United States
Walk with Me,United Kingdom
Pranaam,India
Flavors of Youth: International Version, Japan
Pablo Escobar: Angel or Demon?,Venezuela
Extinction,United States
My Tattoo Addiction,United Kingdom
TE3N,India
Loco Love,Mexico
The Legend of White Snake,
Oh My God,India
Breaking Free,India
Collateral,United Kingdom
The Mortified Guide,United States
Pulp Fiction,United States
Juana Inés,Mexico
What Is Love?,Taiwan
Be Somebody,United States
Pukar,India
Justin Time,Canada
Poseidon,United States
Sons of Ben,United States
Inxeba, Germany
Love for Ten: Generation of Youth,South Korea
For the Love of Spock, United States
Do Dooni Chaar,India
Juanita,United States
Mantra,India
A Separation, France
InuYasha,Japan
Undercover Brother 2,United States
Big Miracle,United States
Born to Be Free, Russia
We Are Family,India
Jinn,Lebanon
Thorne: Sleepyhead, United States
Forgive Us Our Debts, Poland
Pee-wee's Big Holiday,United States
Raajneeti,India
Jinn, Jordan
Age Gap Love,United Kingdom
Prelude to War,United States
Avicii: True Stories, Netherlands
Dabbe: The Possession,Turkey
Naruto Shippuden: The Movie,Japan
My Pride,
Crazy people,Nigeria
Super Drags,Brazil
The Two Popes, Argentina
Break Up 100,Hong Kong
The Score, Canada
Left Behind,United States
Love and Hong Kong,Japan
Blackfish,United States
Hitler's Circle of Evil,United Kingdom
Born Strong,United States
The Gospel of Luke, United Kingdom
Marco Polo: One Hundred Eyes,United States
The Love Guru, United States
Monster Family,Germany
Delirium,United States
Cinta Si Wedding Planner,
End Game,United States
Nailed It! Spain,Spain
"Out of Many, One",United States
Whindersson Nunes: Adult,Brazil
La Rosa de Guadalupe,Mexico
I'm Brent Morin,United States
Tiffany Haddish Presents: They Ready,United States
Stoked,United States
FYRE: The Greatest Party That Never Happened,United States
Morphle,Netherlands
Danger Mouse,United Kingdom
Maya Memsaab,France
What Happened to Monday,United Kingdom
Liss Pereira: Reteniendo líquidos,Brazil
Tucker and Dale vs. Evil, United States
El fin de ETA,Spain
Bill Hicks: Revelations,United Kingdom
For Here or to Go?,United States
DreamWorks Shrek's Swamp Stories,United States
We Have Always Lived in the Castle,United States
Zak Storm,United States
Austin Powers in Goldmember,United States
Wedding Unplanned,France
Soundtrack,United States
Christmas Crush, United States
Namastey London,India
Seven and Me,France
Before the Flood,United States
Alien Contact: Outer Space,United States
The Lives of Others,Germany
Neo Yokio,United States
E-Team,United States
Splash and Bubbles,United States
Holy Man 3,Thailand
Gypsy,United States
Not Alone,United States
Narcos, Mexico
Cannabis,France
Burning Cane,United States
Northern Rescue,Canada
Dream/Killer,United States
The Consul's Son,Egypt
Orbiter 9,Spain
Stop at Nothing: The Lance Armstrong Story, Italy
Dear Dad,India
Furthest Witness,United States
Lilli,India
Mowgli: Legend of the Jungle,United Kingdom
Reply 1997,South Korea
Stop at Nothing: The Lance Armstrong Story, France
We Are Young. We Are Strong.,Germany
My Little Pony Equestria Girls: Legend of Everfree, Canada
Age of Tanks,Germany
Beyond All Boundaries, India
Stree,India
Sarivar Sari,India
Hajwala: The Missing Engine,United Arab Emirates
On My Block,United States
Olmo & the Seagull, France
Starting Over Again,Philippines
Koko: The Gorilla Who Talks,United Kingdom
Into the Inferno,United Kingdom
Red Dawn,United States
Devil's Bride,Finland
Secret in Their Eyes, United Kingdom
La casa de papel,Spain
Real Rob,United States
Power Rangers Lightspeed Rescue, France
My Little Pony Equestria Girls: Legend of Everfree,United States
Monzón: A Knockout Blow,Argentina
Rocco,France
Justin Bieber: Never Say Never,United States
Ram Teri Ganga Maili,India
The Warning,Spain
Blackway,United States
Yours Fatefully,Singapore
Mi Shivajiraje Bhosale Boltoy,India
The Naked Gun: From the Files of Police Squad!,United States
Diablero,Mexico
The Guernsey Literary and Potato Peel Pie Society, United States
Shadow, Hong Kong
Let's Dance, Belgium
Malaal,India
Natalia Valdebenito: Gritona,United States
Mountain,Australia
Qarib Qarib Singlle,India
Earth's Natural Wonders: Life at the Extremes,
Shaka Zulu, West Germany
Senna, United States
Her,United States
1922,United States
Apostle, United States
The Man Without Gravity,Italy
Afflicted,United States
Raja Natwarlal,India
Win It All,United States
Equilibrium,United States
Young Tiger,Hong Kong
Perfume,Germany
H2O: Just Add Water,Australia
Vince and Kath and James,Philippines
Wakfu: The Quest for the Six Eliatrope Dofus,France
Jaan-E-Mann: Let's Fall in Love... Again,India
HALO Legends,United States
Crash Landing on You,
Union Leader,Canada
Arjun: The Warrior Prince,India
"¡Ay, mi madre!",Spain
The Last Exorcism, United States
Magical Andes,
InuYasha: The Movie 2: The Castle Beyond the Looking Glass,Japan
Geronimo Stilton, Canada
Bombshell: The Hedy Lamarr Story,United States
Being Napoleon,United States
The Angel, United States
The Signal,United States
Trailer Park Boys: Out of the Park: Europe,Canada
Barbie: Princess Charm School, Canada
Unbridled,Spain
Justice,United Arab Emirates
Casablancas: The Man Who Loved Women,France
THE RUM DIARY,United States
The Breadwinner,Ireland
IO,United States
Molang,France
The Best of Rafał Rutkowski Olka Szczęśniak,
Slow West,United Kingdom
Vikings Unearthed,United States
Doctor Zhivago,United States
La Familia P. Luche,United States
Boy Missing,Spain
Filosofi Kopi The Movie,Indonesia
Delhi 6,India
Secret Superstar,India
Viking Destiny,United Kingdom
Cable Girls,Spain
Total Drama, United States
The Lost Brother, Uruguay
Paul Blart: Mall Cop,United States
Elena,Brazil
Unfinished Song,United Kingdom
Late Life: The Chien-Ming Wang Story,United States
A Sort of Family, France
The Butterfly's Dream,Turkey
Operation Gold Rush,United Kingdom
The Heretics,Canada
On Body and Soul,Hungary
A Noble Intention,Netherlands
Expedition China,
Strictly Ballroom,Australia
Penalty Kick,Colombia
Jarhead: Law of Return, United States
Let's Eat 2,Malaysia
Main aurr Mrs. Khanna,India
Hell on Wheels,Canada
The Lighthouse of the Orcas,Spain
The Space Between Us,United States
Transcendence, United States
The Congress, Poland
Kabaneri of the Iron Fortress: The Battle of Unato,
Mr. Gaga: A True Story of Love and Dance,Israel
The Garfield Show, United States
Mini Wolf,France
Arthur Christmas,United Kingdom
Dangal,India
Cézanne et moi,Belgium
The Stranger,United States
Bathtubs Over Broadway,United States
Blood Money,India
The IT Crowd,United Kingdom
The Tourist, United Kingdom
Our Idiot Brother,United States
Phullu,India
The Titan, Germany
NOVA: Secrets of the Shining Knight,United States
The Most Assassinated Woman in the World, United States
​Goli Soda 2,India
Twelve Forever,United States
The Kominsky Method,United States
The Diabolical,United States
Limmy's Show!,United Kingdom
The Miracle,South Korea
Parmanu: The Story of Pokhran,India
Clive Davis: The Soundtrack of Our Lives,United States
Girls Hostel,India
And Breathe Normally,Iceland
Twins Mission,Hong Kong
Losing Sight of Shore, Samoa
Inside the Real Narcos,
The Bulbul's Nest,
Welcome 2 Karachi,India
FIGHTWORLD,
The Detained,United States
La Piloto,Mexico
The Battered Bastards of Baseball,United States
Kajraare,India
Transformers: Rescue Bots,Canada
Nymphomaniac: Volume II, Germany
Engineering Girls,India
Monty Python's Personal Best,United States
War Machine,United States
Theater of Life,Canada
B: The Beginning,Japan
Blinky Bill: The Movie,Australia
The Rift: The Dark Side of the Moon, South Korea
Eyyvah Eyyvah,Turkey
A Russell Peters Christmas,Canada
White Island,United Kingdom
Monster Family, United Kingdom
Guna 369,India
Becoming Jane,United Kingdom
Jinxed,United States
Kaalia,India
Mia and Me, Italy
III Smoking Barrels,India
Yes We Can!,
He Never Died, Canada
Pokémon: Indigo League,Japan
Beating Again,South Korea
Franca: Chaos and Creation, Italy
Born in Syria, Spain
The Sound of Your Heart,South Korea
Jefe, Portugal
Best Neighbors,
At First Light,Canada
The Breaker Upperers,New Zealand
The Ivory Game,Austria
Results,United States
An Interview with God,United States
Marco Luque: Tamo Junto,Brazil
Solomon Kane, France
Y Tu Mamá También,Mexico
Monkey Twins,Thailand
Octonauts, Ireland
Strong Island, Denmark
NOVA: Prediction by the Numbers,United States
Be with Me,Taiwan
White Gold,United Kingdom
Mad Money,United States
Carriers,United States
Interview with a Serial Killer,United States
All Good Ones Get Away,
Shanghai,India
Los Niños Héroes de Chapultepec,
Singapore, Malaysia
Gabriel and the Mountain,Brazil
Bangkok Love Stories: Plead,Thailand
The Aerial,Argentina
Tokyo Trial, Netherlands
The Magicians,United States
The Boss Baby: Back in Business,United States
Indiana Jones and the Temple of Doom,United States
Minecraft: Story Mode, Sweden
​Mayurakshi,India
Winnie, South Africa
Hell or High Water,United States
Queen of the South,United States
"My Schoolmate, the Barbarian",Hong Kong
Occupied,Norway
Robotech,United States
Other People,United States
The Informant!,United States
Suffragette,United Kingdom
Bhoot,India
LEGO Ninjago: Masters of Spinjitzu: Day of the Departed,Denmark
American Hangman,Canada
Once Upon a Time in the West,Italy
In the Shadow of the Moon,United States
Skydancers, France
Under the Shadow,United Kingdom
"Rica, Famosa, Latina",United States
Grego Rossello: Disculpe las molestias,Argentina
Pup Star: World Tour,Canada
Shrek the Musical,United States
The Magic School Bus,Canada
Killer Ratings,
Wine Country,United States
The Worst Witch, Germany
Hank: Five Years from the Brink,United States
The Circle,
Friday Night Tykes,United States
Santa Girl,United States
Wolves,United States
Station Horizon,Switzerland
Stuart Little,Germany
Murder Mystery,United States
Deadwind,Finland
Los tiempos de Pablo Escobar,Colombia
Maps to the Stars, France
Figures of Speech,United States
Darc,United States
Enemy, Spain
Di Renjie zhi Sidatianwang,China
Splatter,United States
Chatô: The King of Brazil,Brazil
CRD,India
Katherine Ryan: In Trouble,United Kingdom
Vexed,United Kingdom
All The Reasons To Forget,Brazil
Rubi,Mexico
Ouran High School Host Club,Japan
Hell and Back,United States
Into the Inferno, Germany
The Unknown Girl,Belgium
Jesus: Countdown to Calvary,Ireland
Ek Ladki Ko Dekha Toh Aisa Laga,India
Perfect Stranger,United States
Dragonheart: A New Beginning,United States
Chitty Chitty Bang Bang, United States
Chillar Party,India
Spirit Riding Free: Spirit of Christmas,United States
Jeff Foxworthy and Larry the Cable Guy: We’ve Been Thinking...,United States
"Michael Bolton's Big, Sexy Valentine's Day Special",United States
American Masters: Ted Williams,United States
And Breathe Normally, Sweden
The Massively Mixed-Up Middle School Mystery,United States
A Glimpse Inside the Mind of Charles Swan III,United States
Memory Games, Sweden
Clair Obscur, France
Puriyatha Puthir,India
A Tale of Two Kitchens,
Ralphie May: Unruly,United States
4th Man Out,United States
Atomic Puppet, France
Who Would You Take to a Deserted Island?,Spain
Valor,United States
This Is Not What I Expected,China
Mahi Way,India
Trophy, South Africa
Chill with Bob Ross,
Zoo,India
Anthony Kaun Hai?,India
Bhavesh Joshi Superhero,India
Searching for Sugar Man, Finland
What a Girl Wants,United States
Prague,India
Shine On with Reese,United States
Maggie & Bianca: Fashion Friends,Italy
Aquarius, France
"Abdullah, The Final Witness",Pakistan
Prince of Peoria: A Christmas Moose Miracle,United States
Locked on You,Turkey
F is for Family, Canada
Ingobernable,Mexico
Office Girls,Taiwan
Daagdi Chaawl,India
Sherlock, United States
The Bar, Argentina
Winter's Bone,United States
Fake or Fortune?,United Kingdom
Rookie Historian Goo Hae-Ryung,South Korea
Jhansi Ki Rani,India
Fishpeople,
Sat Sri Akal,India
God's Own Country,United Kingdom
Sand Storm,Israel
Bird Box,United States
Kaçak,Turkey
SGT. Will Gardner,United States
Traffic Signal,India
AMO,Philippines
Cabins in the Wild with Dick Strawbridge,United Kingdom
Inhuman Kiss,Thailand
Adam Ruins Everything,United States
Cloud Atlas, Hong Kong
Little Baby Bum: Nursery Rhyme Friends,
Enlighten Us,United States
Pac-Man and the Ghostly Adventures,United States
Resident Evil: Afterlife, France
My Happy Family, France
Operation Red Sea, Morocco
The Last Kingdom,United Kingdom
Chappaquiddick,United States
Derren Brown: The Push,United Kingdom
Delhi Crime,India
Seven Seconds,United States
Colin Quinn: The New York Story,United States
The Dukes of Hazzard,United States
Opening Night,United States
Burn Out, Belgium
The End of the Tour,United States
Criminal: France,
One Day at a Time,United States
Come and Find Me, United Kingdom
Outlander,United States
Sacred Games, United States
The Pass,United Kingdom
Verses of Love 2,Indonesia
Maya Memsaab, India
Daughters of Destiny,United States
Ken Burns: The Civil War,United States
Horns, Canada
Guru Aur Bhole,
Undercover,Belgium
Kabir Singh,India
Aamir,India
Encounters with Evil,United Kingdom
The Hook Up Plan,France
Trollhunters,United States
Sudani from Nigeria,India
Naam Shabana,India
Anon, United States
Sofia the First,United States
Bangkok Love Stories: Objects of Affection,Thailand
Miss Julie,Norway
Life Ki Toh Lag Gayi,India
The Black Room,United States
Deathgrip,United Kingdom
Pinky Memsaab,Pakistan
Best Worst Thing That Ever Could Have Happened,United States
F the Prom,United States
Queen of No Marriage,Taiwan
Jimi Hendrix,United States
Aakhri Adaalat,India
The Red Sea Diving Resort,Canada
Nights in Rodanthe,United States
Flint Town,United States
Dear Santa,Canada
The Society,United States
Magic for Humans,United States
Twins Mission, China
A Little Help with Carol Burnett,United States
Shaka Zulu, South Africa
Shattered Memories,United States
Fireworks,Japan
The Confession Tapes,United States
Zinzana,United Arab Emirates
Ingress: The Animation,Japan
OtherLife,Australia
Aruna & Her Palate,Indonesia
K,Japan
The Walking Dead,United States
Mo Amer: The Vagabond,United States
Love Per Square Foot,India
The Interview,Australia
Prince of Peoria,United States
Automata, United States
The Irregular at Magic High School,Japan
Save Me,
Barbecue, New Zealand
The Bomb,United States
Monty Python: Live at The Hollywood Bowl,United Kingdom
Tee Shot: Ariya Jutanugarn,
Sextuplets,United States
Paris Is Us,France
Chal Mere Bhai,India
Stone Age,
Lila & Eve,United States
Chalte Chalte,India
Hitler's Steel Beast,France
Suburra, France
Pope Francis: A Man of His Word, Vatican City
Follow Me, United Kingdom
Ha Unlimited,
The Hollow,Canada
Maniac,United States
Billy Graham: An Extraordinary Journey,United States
Scott Pilgrim vs. the World, Canada
The Universe,United States
How to Stage a Coup,United Kingdom
"Twisted Trunk, Big Fat Body",India
Spyder,India
Baazaar,India
GoldenEye,United Kingdom
Tunisian Victory, United Kingdom
How the Grinch Stole Christmas,United States
Spectral,United States
Layla M., Jordan
River's Edge,Japan
Kaviyude Osyath,India
100 Meters,Portugal
Ant-Man and the Wasp,United States
The Calling,India
Below Her Mouth,Canada
Much Ado About Nothing,Chile
Sadece Sen,Turkey
Trigger Warning with Killer Mike,
Japanese Style Originator,Japan
6 Days,New Zealand
Bad Grandpa .5,United States
Harishchandrachi Factory,India
Clouds of Sils Maria, Switzerland
Why Me?, Bulgaria
The First Temptation of Christ,Brazil
"Trailer Park Boys: Drunk, High and Unemployed: Live in Austin",Canada
Knowing, Australia
Iyore,Nigeria
Madam Secretary,United States
Dexter,United States
The Truth About Alcohol,United Kingdom
The Zoya Factor,India
Dogs,United States
Reality of Dream,
La Femme,
Ip Man,Hong Kong
Judwaa,India
XX,Canada
Frozen Planet: On Thin Ice,United Kingdom
Silent Hill: Revelation, United States
Tango Feroz, Spain
You Don't Mess with the Zohan,United States
Naruto the Movie: Ninja Clash in the Land of Snow,Japan
The Day I Met El Chapo,United States
A StoryBots Christmas,United States
Casting JonBenet,United States
Freeway: Crack in the System,United States
Dhanak,India
Freedom at Midnight,
Ishqedarriyaan,India
NOVA: Bird Brain,United States
The Chosen, Mexico
The Eighties,United States
Defying the Nazis: The Sharps' War,United States
Last Night,United States
Stunt Science,United Kingdom
The Hateful Eight: Extended Version,United States
"Crouching Tiger, Hidden Dragon", Hong Kong
Kidnapping Mr. Heineken, Belgium
Shorts, United Arab Emirates
Jaane Tu... Ya Jaane Na,India
Stay Here,United States
Just You,Taiwan
Trollhunters, Mexico
Troy: The Odyssey,United States
Sky on Fire,China
The Gospel of Luke,United States
Virgin River,United States
Minute to Win It,United States
Conjuring Spirit,Vietnam
Queens of Comedy,
Tiempos de guerra,Spain
Withdrawn,Canada
"Mariusz Kałamaga, Karol Kopiec, Wiolka Walaszczyk Hilarious Trio",
KENGAN ASHURA,United States
Power Rangers Operation Overdrive, Japan
Disappearance,
All the Freckles in the World,Mexico
ABCD: Any Body Can Dance,India
Silencer,United States
The Pirates of Somalia, Sudan
The Beat,
Pacificum: Return to the Ocean,Peru
Super Monsters Furever Friends,
The Little Prince,France
Temple,Japan
Dil Dhadakne Do,India
Why Knot, Thailand
Bombairiya, United Kingdom
Skiptrace,China
Monster High 13 Wishes,United States
Saavat,India
"Bring It On, Ghost",South Korea
Sugar Rush Christmas,United States
Red Christmas,Australia
Mr. Gaga: A True Story of Love and Dance, Sweden
Equestria Girls: Tales of Canterlot High,United States
Extras,United Kingdom
Zak Storm, France
Hotel Transylvania,
Maps to the Stars,Canada
Pup Star: Better 2Gether,Canada
The Hollywood Masters,United States
"Tomasz Jachimek, Jacek Stramik Laugh at Live",
Love Ni Bhavai,India
Brother's Shadow,United States
Aditi Mittal: Things They Wouldn't Let Me Say,India
Barbie: A Fairy Secret,United States
Now More Than Ever: The History of Chicago,United States
Expedition Happiness,Germany
Trevor Noah: Son of Patricia,United States
Bioscope,India
Ultraviolet,Poland
Gelo,India
Rainbow Time,United States
BoJack Horseman Christmas Special: Sabrina's Christmas Wish,United States
Kaaliyan,
The 3rd Eye,Indonesia
Cheers,United States
Once in a Lifetime Sessions with Snow Patrol,
Revenge of the Pontianak, Malaysia
"Club de Cuervos Presents: I, Potro",Mexico
Kraftidioten, Sweden
Historia de un clan,Argentina
Trash Fire,United States
Superfly,United States
Anjaan,India
Would You Rather,United States
Scooby-Doo on Zombie Island,United States
Maharaja: The Story of Ranjit Singh,
Marvel's Agents of S.H.I.E.L.D.,United States
#Selfie,Romania
Maacher Jhol,India
The Land of the Enlightened, Ireland
Age of Tanks, Russia
Violet Evergarden: Special,Japan
After Porn Ends,United States
A Man Called God,South Korea
V for Vendetta, Germany
Last Night, France
Masha's Tales,
Zack and Miri Make a Porno,United States
Spy Time,Spain
Good Sam,United States
Black Mirror: Bandersnatch,United States
Ip Man 3,China
Singapore Social, United States
Beavis and Butt-head Do America,United States
The Staircase,France
Austin Powers: The Spy Who Shagged Me,United States
Tucker and Dale vs. Evil, India
Revenge of the Green Dragons, United States
Turn Up Charlie,United Kingdom
Tremors 3: Back to Perfection,United States
Teenage Mutant Ninja Turtles II: The Secret of the Ooze,United States
Candy Online,Taiwan
True: Wonderful Wishes,
Charité,Germany
Dolly Parton's Heartstrings,United States
Kaminey,India
Club Friday To Be Continued - Friend & Enemy,
Moor, United States
Hattrick,India
Noddy Toyland Detective, United Kingdom
Satyagraha,India
Small Crimes, United States
Into the Inferno, Canada
The Birth Reborn 3,Brazil
Chelsea Handler: Uganda Be Kidding Me Live,United States
Marlon,United States
Rolling Papers,United States
Monty Python and the Holy Grail,United Kingdom
El club de los insomnes,Mexico
Shor In the City,India
Salam - The First ****** Nobel Laureate,United States
Counterpunch,United States
Alibaba Aur 40 Chor, India
Chasing Cameron,United States
Girls With Balls,France
My True Friend,Thailand
Eddie Murphy: Delirious,United States
Pac's Scary Halloween,
Casa de mi Padre,United States
Fangbone,Canada
The Lighthouse of the Orcas, Argentina
A 3 Minute Hug,Mexico
Diva Brides,
Life of An Outcast,India
Lunatics,Australia
Dance & Sing with True,
The Holy Man,Thailand
The Fury of a Patient Man,Spain
Pokémon the Series,Japan
She's Out of My League,United States
Jeff Garlin: Our Man In Chicago,United States
Earthquake Bird,United States
Bobbi Jene, Sweden
Man Like Mobeen,United Kingdom
Schitt's Creek, United States
Frozen River,United States
Judwaa 2,India
Amateur,United States
Dad,United States
The Originals,United States
Black Panther,United States
The Bling Lagosians,Nigeria
Glitter Force,Japan
Desolation,United States
NOVA: Decoding the Weather Machine,United States
The Break,Belgium
Tobot,Canada
Gie,Indonesia
A Most Violent Year,United Arab Emirates
Court Justice,Australia
Beats,United States
Welcome to Willits,United States
Stop at Nothing: The Lance Armstrong Story, United States
From One Second to the Next,United States
Diagnosis,United States
Phir Se,India
Silent Hill: Revelation, France
Once Upon a Time in Mumbai Dobaara!,India
Bleach the Movie: Hell Verse,Japan
Lo and Behold: Reveries of the Connected World,United States
Chittagong,United States
Chaar Sahibzaade,India
The Phantom of the Opera, United States
Perdida,Argentina
21 & Over,United States
Spy Kids: Mission Critical, Canada
Domino, Belgium
Tremors 5:  Bloodline, United States
Babel, Mexico
Jesus: Countdown to Calvary, United States
Moonlight,United States
Sliver,United States
Mi amigo Alexis,Chile
Nobel,Norway
Yoo Byung Jae: Discomfort Zone,South Korea
Money Talks,United States
Riverdale,United States
Kingpin,United States
Gosford Park, United Kingdom
Rangoon,India
Leap!, Canada
I Am Wrath,United States
Encerrados,
Toilet: Ek Prem Katha,India
Emogenius,United States
Nurse Jackie,United States
Norm Macdonald Has a Show,United States
Meghnadbodh Rohoshyo,India
Good Kids,United States
I Am Maris,United States
Super Monsters: Vida's First Halloween,United States
Takers,United States
Black Hawk Down, United Kingdom
Einsatzgruppen: The Nazi Death Squads,France
La Doña, Mexico
Lilyhammer,Norway
Katt Williams: Kattpacalypse,United States
QB1: Beyond the Lights,United States
Great Interior Design Challenge,United Kingdom
Aashik Awara,India
Babel, United States
1st Summoning,United States
Ultimate Beastmaster, South Korea
The Most Beautiful Hands of Delhi,Sweden
Frozen Planet, Spain
How to Change the World,Canada
The Men Who Stare at Goats, United Kingdom
Bad Boys II,United States
Good Kill,United States
Norm of the North: King Sized Adventure, China
Exit Strategy,United States
Gossip Girl,United States
Gunslinger Girl,Japan
Love Beats Rhymes,United States
Sweeney Todd: The Demon Barber of Fleet Street, United Kingdom
"I, Daniel Blake", Belgium
They Are Everywhere,France
Vir Das: Losing It,
The Year of Happiness and Love,Taiwan
Power Rangers Lightspeed Rescue,United States
Mortified Nation,United States
Twice,Japan
An American Tail: The Treasures of Manhattan Island,United States
Muramba,India
Memories of the Alhambra,South Korea
"Nisman: The Prosecutor, the President, and the Spy",
The Congress, United States
Coach Carter, Germany
K.O. One Re-act,Taiwan
Under the Shadow, Qatar
The Rezort, Belgium
Heartbreakers,United States
Bottom of the World, United States
Lusers, Chile
An American Tail: The Mystery of the Night Monster,United States
The Forest of Love,Japan
BONDING,United States
Trophy,United Kingdom
The Talented Mr. Ripley,United States
Khelti Hai Zindagi Aankh Micholi,India
Tabula Rasa,Belgium
Virunga: Gorillas in Peril,United States
Swami Baba Ramdev: The Untold Story,
Let It Snow,United States
3 Seconds Divorce,Canada
The Darkest Dawn,United Kingdom
The Frankenstein Chronicles,United Kingdom
Mia and Me, Canada
Niyazi Gül Dörtnala,Turkey
Tarif de nuit,France
Little Singham in London,
Bushwick,United States
I Am Mother,Australia
Someone Like You,Taiwan
Residente,United States
Ultraman, Japan
Last Breath, Sweden
Diamond Lover,China
Sacred Games,India
Colkatay Columbus,India
Anne with an E,Canada
Swami,India
YooHoo to the Rescue,South Korea
The Cell,Egypt
Nowhere Boy, Canada
Terrorism Close Calls, Czech Republic
Popples,United States
Dare to Be Wild,Ireland
The Pirates of Somalia, United States
Señora Acero, United States
Bombay Talkies,India
Border Security: America's Front Line,Canada
Greatest Events of WWII in Colour,United Kingdom
The Tenth Man,Argentina
P. King Duckling,United States
Tayo the Little Bus Movie: Mission Ace,United States
El club de los buenos infieles,Spain
1000 Rupee Note,India
Across the Universe, United Kingdom
The Chalet,France
Huge in France,United States
The Super,United States
Julius Jr.,United States
Hardy Bucks,Ireland
Welcome to the Family,Spain
Garbage,India
Sword Masters: Two Champions of Shaolin,Hong Kong
Ultimate Beastmaster México,United States
Tremors 6: A Cold Day in Hell, South Africa
XXX: State of the Union,United States
Alejandro Riaño: Especial de stand up,Colombia
Personal Shopper, Czech Republic
He Named Me Malala, United Arab Emirates
Colonia, France
The Sky Is Pink, United Kingdom
Wazir,India
Kantaro: The Sweet Tooth Salaryman,Japan
The Chord,Egypt
7:19,Mexico
City of Joy,
The Kindergarten Teacher, Canada
The Highwaymen,United States
A Cinderella Story: Christmas Wish,United States
Kingdom of Us,United Kingdom
The Minimighty Kids,France
The Legend of 420,United States
Ghost Rider,United States
The Dark Crystal,United States
Billu,India
Scandal,United States
Holiday Secrets,Germany
A Good Wife,Taiwan
Charmed,United States
16 Blocks, Germany
10 Days in Sun City,South Africa
Laal Rang,India
Chhota Bheem,India
The Waterboy,United States
300 Miles to Heaven, France
Gridlocked,Canada
It's Now or Never,Spain
Filinta,Turkey
Day of the Dead: Bloodline,Bulgaria
Wish I Was Here,United States
My Runway,South Korea
What a Wonderful Family!,China
Across the Universe,United States
Harold & Kumar Go to White Castle, Canada
Sonic X,Japan
The Guardian Brothers,China
Mahmut & Meryem,Turkey
Single Ladies Senior,
The Magic School Bus, United States
The Making of Frozen Planet, Germany
Age of Rebellion,Taiwan
Guatemala: Heart of the Mayan World,
Husbands in Goa,India
Who the F**k Is That Guy?,United States
Ralph Breaks the Internet: Wreck-It Ralph 2,United States
Knights of Sidonia,Japan
Barbie Dreamhouse Adventures,United States
Octonauts, United Kingdom
Kiss Me First, United States
Good and Prosperous,Egypt
The Week Of,United States
Can We Get Married?,South Korea
For the Love of Spock,Canada
Eerie,Philippines
The Girl Allergic to Wi-Fi,Philippines
Roger Corman's Death Race 2050,United States
Inuyasha the Movie - La spada del dominatore del mondo,Japan
Phone Swap,Nigeria
Newtown,United States
Chicken Soup for the Soul's Being Dad,United States
The Edge of Democracy,Brazil
Dark Matter,Canada
Ekşi Elmalar,Turkey
Samson,South Africa
Lost & Found Music Studios,Canada
The Bund,Hong Kong
Raja Rasoi Aur Anya Kahaniyan,India
Get Shorty,United States
Malibu Rescue: The Series,United States
Ultimate Beastmaster México, Germany
The World Is Not Enough, United States
Harriet the Spy: Blog Wars, Canada
Tim Allen: ReWires America,United States
The Deep, Australia
W1A,United Kingdom
Once Upon a Time in the West, United States
Save Our Shelter,United States
Highland: Thailand's Marijuana Awakening,Thailand
Polar, Germany
Weeds,United States
Hope Aur Hum,India
Vizontele Tuuba,Turkey
Harry & Bunnie,Malaysia
Berserk: The Golden Age Arc III - The Advent,Japan
Jaal,India
The Croods,
Autohead,India
Exit Afghanistan,Norway
Clarence Clemons: Who Do I Think I Am?,United States
Veerey Ki Wedding,India
Inspector Gadget, United States
Tom Segura: Mostly Stories,United States
Eeda,India
The End of Evangelion,Japan
Lechmi,India
Sex Doll,United Kingdom
Saint Seiya: The Lost Canvas,Japan
Tope: The Bait,India
The Sky Is Pink, United States
Dedemin Fisi,Turkey
Ocean's Twelve,United States
Judah Friedlander: America Is the Greatest Country in the United States,United States
The Who Was? Show,United States
El desconocido,Spain
Killer Inside: The Mind of Aaron Hernandez,United States
The Photographer Of Mauthausen,Spain
Frat Star,United States
Gaddar: the Traitor,India
Oliver Stone's Untold History of the United States,United States
Teefa in Trouble,Pakistan
Train to Busan,South Korea
American Beauty,United States
The Sea of Trees,United States
Alejandro Sanz: What I Was Is What I Am,Spain
Frozen Planet: On Thin Ice, Germany
The President's Barber,South Korea
The After Party,United States
Beyond Skyline, United States
The Story of God with Morgan Freeman,United States
Pettersson and Findus 2,Germany
Magnus,Norway
Cats & Dogs: The Revenge of Kitty Galore, Australia
Story of an Egg,India
The Little Hours,Canada
Explained,United States
Losing Sight of Shore, Australia
Rumble,Mexico
Black Summer, United States
Buffalo Boys, Singapore
"Monster High: Boo York, Boo York",United States
187,United States
Walt Disney Animation Studios Short Films Collection,United States
Lang Tong,Singapore
Time Share, Netherlands
Power Rangers Mystic Force,United States
The New Legends of Monkey, New Zealand
Dil Se,India
Undercover Grandpa,Canada
The Twins Effect II,Hong Kong
Instructions Not Included,Mexico
Where the Money Is, Canada
Tattah,Egypt
Tom Papa Live in New York City,United States
Party Monster: Scratching the Surface,United States
Romina,Mexico
Possessed,South Korea
Wakfu,France
The Bachelor,
Layer Cake,United Kingdom
Auschwitz: Blueprints of Genocide,United Kingdom
Dovlatov, Poland
Brain on Fire, Canada
La Reina del Sur, Mexico
Mr. Roosevelt,United States
Berserk: The Golden Age Arc I - The Egg of the King,Japan
Tokyo Idols, Canada
The Ring,United States
Aziz Ansari: Buried Alive,United States
Devil's Bride, Sweden
30 Days of Luxury,Egypt
706,India
Yaadein,India
Once In A Lifetime Sessions with Moby,
Sick Note,United Kingdom
My Only Love Song,South Korea
Joe Cocker: Mad Dog with Soul,United Kingdom
Elstree 1976,United Kingdom
Jeff Dunham: Minding the Monsters,United States
The Other Side of the Wind,France
A Ghost Story,United States
Heroes Wanted,Spain
Deliha,Turkey
Enter the Warriors Gate, Canada
Hop, Malaysia
Can't Help Falling in Love,Philippines
The Son,Argentina
ROMA, United States
Amy Schumer: The Leather Special,United States
Razia Sultan,India
The Last Shaman,United Kingdom
Mustang Island,United States
The In-Laws, Canada
Ek Jaan Hain Hum,India
"El Especial de Alex Fernández, el Especial",Mexico
The Bounty Hunter,United States
Fatal Destiny,
S Storm, China
The Intent 2: The Come Up,United Kingdom
Eugenie Nights,Egypt
Flash of Genius,Canada
Fit for Fashion,
Tik Tok,China
20th Century Women,United States
Sour Grapes,United Kingdom
Monty Python's Almost the Truth,United Kingdom
Freezer's Campaign,Egypt
Starred Up,United Kingdom
Forces of Nature,United Kingdom
Gabbar Is Back,India
Men on a Mission,South Korea
Trotsky,Russia
Tientsin Mystic,China
Mak Cun,
Wentworth,Australia
The Reconquest,Spain
Queen of the South, Spain
Best.Worst.Weekend.Ever.,United States
Flaked,United States
Portlandia,United States
Monster Island,India
Barbie & Her Sisters in a Pony Tale,United States
Lincoln,United States
Outside In,United States
Take My Brother Away,China
Zion,United States
Hitler - A Career,West Germany
Buddy Thunderstruck: The Maybe Pile,United States
Bad Guys: Vile City,South Korea
Wormwood,United States
Learning Songs by Little Baby Bum: Nursery Rhyme Friends,
The Cat in the Hat Knows a Lot About That!, United States
Weeds on Fire,Hong Kong
Pablo Escobar: Angel or Demon?, Colombia
The Land of Cards,India
The Curious Creations of Christine McConnell,
The Mr. Peabody and Sherman Show,United States
Charlie's Angels, Germany
Frozen Planet, Germany
Derek,United Kingdom
The Rover,Australia
Sister Code,United States
Kurtulus Son Durak,Turkey
Bokeh,United States
Room, Canada
James Acaster: Repertoire,United Kingdom
The Theory of Everything, Japan
Mucize,Turkey
Catching the Sun,China
The Dawn Wall, United States
It's Fine,
The Rehearsal,New Zealand
Rolling Thunder Revue: A Bob Dylan Story by Martin Scorsese,United States
New Money,Nigeria
Behind the Curve,United States
Babam ve Oğlum,Turkey
Easy,United States
Sam Kinison: The Scream Continues,United States
Kalakalappu,India
Nailed It! Germany,
Another Forever, Colombia
Nuestra Lucha Libre,
Gollu Aur Pappu,India
Chicken Kokkachi,India
Gringo: The Dangerous Life of John McAfee,United States
Players,India
A Very Murray Christmas,United States
Silver Spoon,Russia
Bebe's Kids,United States
Tracers,United States
The Sapphires,Australia
The Imaginarium of Doctor Parnassus, France
Tremors 2: Aftershocks,
Troy, Malta
Super Monsters Monster Pets,United States
Yankee,Mexico
A.X.L.,United States
Blessed Benefit,Germany
Pope Francis: A Man of His Word, Germany
Selfless,United States
Secret, Taiwan
Turbo FAST,United States
Sacro GRA, France
Merry Happy Whatever,United States
Coin Heist,United States
Locust,Russia
Charlie's Angels: Full Throttle,United States
Reversing Roe,United States
Lens,India
Helios, China
RUSSELL BRAND: RE:BIRTH,
Final Destination,United States
It Comes at Night,United States
Bill Burr: Paper Tiger, United Kingdom
Huntik: Secrets and Seekers,United States
Club Friday The Series 8,
The Love Guru,United Kingdom
NOVA: Killer Floods,United States
Inborn Pair,Taiwan
EMI: Liya Hai To Chukana Padega,India
Stronger Than the World,Brazil
Legends of Strength,United States
Brotherhood,Brazil
Pokémon the Movie: Power of Us,
Conspiracy,United Kingdom
Rajma Chawal,India
Slobby's World,United States
Someone Great,United States
Firebrand,India
Race 2,India
Drug Lords,United States
"We, the Marines",United States
Ultimate Beastmaster México, Brazil
Along Came a Spider, Canada
Up in the Air,United States
Cupcake & Dino - General Services,Canada
"2,215",Thailand
ATM,United States
American Heist,Canada
Room, United States
The Lord of the Rings: The Two Towers, United States
The Underwear,
Concrete Football,Czech Republic
Under the Black Moonlight,South Korea
Penalty Kick, Mexico
Ludo,India
I Am Me!,Mexico
Baby Dolls,India
I Don't Know How She Does It,United States
The Company Men,United States
The Pursuit,United States
The Square, Egypt
Prohibition: A Film by Ken Burns and Lynn Novick,United States
Reaction,Egypt
Kung Fu Hustle, China
The Hatred,United States
Lynne Koplitz: Hormonal Beast,United States
The Legend of Cocaine Island,United States
Naledi: A Baby Elephant's Tale, Botswana
Hunter's Prayer,United States
The Spiderwick Chronicles,United States
Jewel's Catch One,United States
Bazaar,India
Noddy Toyland Detective, United States
The Duchess,United Kingdom
Trinkets,United States
Botched Up Bodies,United Kingdom
When Two Worlds Collide, United Kingdom
The Outcasts,United States
Narcoworld: Dope Stories,United States
Four Seasons in Havana,Spain
Against the Tide,Singapore
Danny Says,United States
Stealing History,United States
Playing for Time,United States
Kingdom, United States
Katt Williams: Live,United States
Cocomong,
Trophy, Namibia
Magic Snowflake,France
The Secret Life of Pets 2, Japan
Pocoyo & The Space Circus,Spain
Come and Find Me, United States
Special Correspondents, United States
Imperfect,Singapore
Officer Downe,United States
Person of Interest,United States
The West Wing,United States
The Influence, France
Dead to Me,United States
Black Butler,Japan
Good People, United Kingdom
Genius of the Ancient World,United Kingdom
Medici: Masters of Florence,Italy
Moonwalkers, Belgium
Murder Maps,United Kingdom
Music Teacher,India
Hedgehogs, China
Acts of Vengeance,Bulgaria
Blessed Benefit, Jordan
5 to 7,United States
Once a Gangster,Hong Kong
Barbie Dolphin Magic,United States
Angel 'N' Devil,Taiwan
Rumble in the Bronx,Hong Kong
Star Men,Canada
Abhinetri,India
A Sort of Family, Denmark
The Command,Belgium
Melodies of Life - Born This Way,
Lucky: No Time for Love,India
Seven and a half dates,
Pioneers: First Women Filmmakers*,
Rosario Tijeras,Colombia
Calico Critters,
The Water Diviner,Australia
Fishtronaut: The Movie,Brazil
Better Call Saul,United States
Krutant,India
Green Eggs and Ham,United States
Solomon Kane, United Kingdom
Final Destination 2,United States
Menorca,Canada
Rosemary's Baby,United States
Backtrack, United Kingdom
Sicilian Ghost Story,Italy
In Family I Trust,Spain
Nate Bargatze: The Tennessee Kid,United States
The Rise of Phoenixes,China
Lovesick,
The Unborn Child,Thailand
Marvel's Iron Man & Hulk: Heroes United,United States
The Cuba Libre Story,France
Strongland,
Bobbi Jene, Israel
The Spy,France
The Family Court,
Paint It Black,United States
DreamWorks Happy Holidays from Madagascar,United States
Into the Badlands,United States
Bad Match, United States
I Hate Luv Storys,India
The Debt Collector,United Kingdom
Barbecue, South Africa
Paap-O-Meter,
SDU: Sex Duties Unit,Hong Kong
Shorgul,India
A Grand Night In: The Story of Aardman,United Kingdom
Motu Patlu: King of Kings,India
New York Minute,United States
Yu-Gi-Oh! Arc-V,Japan
Ricky Gervais: Humanity,United Kingdom
Once Again,India
A Family Reunion Christmas,United States
Kings, Belgium
Teasing Master Takagi-san,Japan
Love Off the Cuff, Hong Kong
Khaani,Pakistan
Jeff Dunham: Relative Disaster,United States
Ghost Patrol,Canada
Fadily Camara : La plus drôle de tes copines,France
Rodney Carrington: Here Comes the Truth,United States
Norm of the North: King Sized Adventure,United States
Luciano Mellera: Infantiloide,Argentina
Twice Upon A Time,France
Bottersnikes & Gumbles,United States
Iliza Shlesinger: Elder Millennial,United States
Some Assembly Required,Canada
Power Rangers Operation Overdrive, New Zealand
Boca Juniors Confidential,
"As Above, So Below",United States
And Breathe Normally, Belgium
Elizabeth at 90: A Family Tribute,United Kingdom
Dance Academy: The Comeback,Germany
Wake Up,
Cardboard Gangsters,Ireland
Kyo Kii... Main Jhuth Nahin Bolta,India
Hulk Vs.,United States
Hey Arnold! The Jungle Movie,United States
Gad Elmaleh: American Dream,United States
God Eater,Japan
Bucket List,India
Soul Eater,Japan
Bombairiya, India
Children of God,United Kingdom
Grizzy et les Lemmings,France
Little Singham,
The Push,United States
Our Godfather,United Kingdom
Sleepless Society: Bedtime Wishes,
Jodhaa Akbar,India
Pahuna,India
Derren Brown: Miracle,United Kingdom
The Invitation,United States
While We're Young,United States
A Little Chaos,United Kingdom
King of Peking, Australia
Virsa, Pakistan
16 Blocks,United States
Okja, United States
Helix,United States
Godzilla,Japan
Hazaaron Khwaishein Aisi,India
The Blue Umbrella,India
I Have a Script,
Jo Pil-ho: The Dawning Rage,South Korea
Sensitive Skin,Canada
Jake's Buccaneer Blast,
Abdo Mota,Egypt
The Christmas Candle, United States
Everybody Knows,Spain
Vientos de agua, Spain
Big Time Movie,United States
SCAMS,Japan
Merry Men: The Real Yoruba Demons,Nigeria
Mystery Science Theater 3000,United States
Off Camera,United States
Saving Mr. Banks, United Kingdom
The Force,United States
The Crown,United Kingdom
Regiment Diaries,India
Todo lo que sería Lucas Lauriente,Argentina
Barbie in A Mermaid Tale,United States
GoldenEye, United States
Perdida, Spain
Growing Up Wild,United States
We Speak Dance,United States
DreamWorks Holiday Classics,United States
Warehoused,Mexico
Jeff Dunham: All Over the Map,United States
Kon-Tiki, Norway
When the Camellia Blooms,South Korea
