title,director
K-19: The Widowmaker,Kathryn Bigelow
Gridlocked,Allan Ungar
Masha's Spooky Stories,
Two Fathers,
Miranda Sings Live…Your Welcome,Marcus Raboy
BoJack Horseman Christmas Special: Sabrina's Christmas Wish,
See You Yesterday,Stefon Bristol
"Power Rangers Samurai: Christmas Together, Friends Forever (Christmas Special)",
El Cartel 2,
BoJack Horseman,
Fanatic,Keith L. Smith
Shéhérazade,Jean-Bernard Marlin
Marco Polo: One Hundred Eyes,Alik Sakharov
Big Mouth,
Saving Zoë,Jeffrey G. Hunt
Dear Zindagi,Gauri Shinde
Put Your Head on My Shoulder,
The Gentleman Driver,Mario Mattei
Naruto Shippûden the Movie: The Will of Fire,Masahiko Murata
Next Gen,Kevin R. Adams
Habibie & Ainun,Faozan Rizal
Highway to Heaven,
The Wandering Earth,Frant Gwo
Rocco, Alban Teurlai
The K2,
Playing for Time, Joseph Sargent
I Am Vengeance,Ross Boyask
Peter and the Farm,Tony Stone
All Hail King Julien: Exiled,
The Third Party,Jason Paul Laxamana
Splatter,Joe Dante
Transformers Prime,
Open Season, Jill Culton
You Changed My Life,Cathy Garcia-Molina
World at Your Feet,
Bruno and Boots: The Wizzle War,Vivieno Caldinelli
Katherine Ryan: In Trouble,Colin Dench
Cedric the Entertainer: Live from the Ville,Troy Miller
Super Monsters Furever Friends,
Robozuna,
Beyond the Clouds,Majid Majidi
The Wolf's Call,Antonin Baudry
Marvel's Iron Man & Hulk: Heroes United,Leo Riley
Undercover Grandpa,Erik Canuel
Grizzy et les Lemmings,
Lionheart,Genevieve Nnaji
Hulk Vs.,Sam Liu
Sturgill Simpson Presents Sound & Fury, Elsa Nakamichi
The D Train, Andrew Mogel
Exit Afghanistan, Olav Njaastad
My Happy Family, Simon Gross
Revolutionary Road,Sam Mendes
Koi Aap Sa,Partho Mitra
Ayana,Gangadhar Salimath
The 24 Hour War, Adam Carolla
INDIA,Sanjeev Gupta
Insatiable,
Mr. Woodcock,Craig Gillespie
Bottersnikes & Gumbles,
Deadly Switch,Svetlana Cvetko
May the Devil Take You,Timo Tjahjanto
The Man Who Feels No Pain,Vasan Bala
Spy Kids: All the Time in the World,Robert Rodriguez
Jojo's World,
APEX: The Story of the Hypercar, Josh Vietze
The Vampire Diaries,
Gagarin: First in Space,Pavel Parkhomenko
We Belong Together,Chris Stokes
StoryBots Super Songs,
The Frankenstein Chronicles,
Bo Burnham: Make Happy, Christopher Storer
Colonia,Florian Gallenberger
Final Destination,James Wong
The Liar and His Lover,
The Bling Lagosians,Bolanle Austen-Peters
Benji: Off the Leash,Joe Camp
Sotus The Series,
Caught on Camera,
Girls und Panzer,Tsutomu Mizushima
The Hurt Business,Vlad Yudin
The Last Face,Sean Penn
LEGO: Marvel Super Heroes: Maximum Overload,Greg Richardson
Stephanie,Akiva Goldsman
Devil's Bride,Saara Cantell
D.L. Hughley: Clear,Jay Chapman
Bitch,Marianna Palka
Love Station,Ahmad Samir Farag
Bullet Head, Rick Benattar
Bella and the Bulldogs,
Orange Is the New Black,
24 Hours to Live,Brian Smrz
Pocoyo Special Sports, David Cantolla
Revolting Rhymes, Jakob Schuh
Sthaniya Sambaad,Arjun Gourisaria
Animal World,Han Yan
Blue Jasmine,Woody Allen
Enter the Dragon,Robert Clouse
Transformers: Rescue Bots,
Jo Pil-ho: The Dawning Rage,Lee Jeong-beom
Oscar's Oasis,
Penny Dreadful,
Triple Frontier,J.C. Chandor
Warrior,
The Last Czars,
My Week with Marilyn,Simon Curtis
Gad Elmaleh: American Dream,Michael Simon
Spider-Man: Into the Spider-Verse,Peter Ramsey
Sarah Silverman A Speck of Dust,Liam Lynch
Once In A Lifetime Sessions with Noel Gallagher,Charlie Lightening
A Little Thing Called First Love,
The Maus,Yayo Herrero
Paranormal Activity,Oren Peli
Bedtime Stories,Adam Shankman
The Legend of Bruce Lee,
The Circle,
The Package,Jake Szymanski
My Country: The New Age,
Kabaneri of the Iron Fortress: The Battle of Unato,
Good Kids,Chris McCoy
Pucca: Love Recipe,
Article 15,Anubhav Sinha
Charlie's Angels: Full Throttle,McG
Saving Capitalism,Jacob Kornbluth
A 2nd Chance,Clay Glen
I Called Him Morgan,Kasper Collin
"River, el más grande siempre", Mariano Mucci
Ralph Breaks the Internet: Wreck-It Ralph 2, Rich Moore
Equilibrium,Kurt Wimmer
1994,Diego Enrique Osorno
Murder Party,Jeremy Saulnier
Inequality for All,Jacob Kornbluth
The Pyramid Code,
100 Years: One Woman's Fight for Justice,Melinda Janko
Entanglement,Jason James
Kay Dyache Bola,Chandrakant Kulkarni
A Wrinkle in Time,Ava DuVernay
Trailer Park Boys Live In F**kin' Dublin, Robb Wells
Kill Me If You Dare,Şenol Sönmez
Iliza Shlesinger: Elder Millennial,Steve Paley
The Monster,Bryan Bertino
The Sunshine Makers,Cosmo Feilding-Mellen
The Big Family Cooking Showdown,
No Reservations,Scott Hicks
"Love, Chunibyo & Other Delusions!",
Dark Tourist,
Tip the Mouse,
The One I Love,Charlie McDowell
Sinister 2,Ciarán Foy
YOM,
Holidays, Dennis Widmyer
The Chord,Magdy Al-Hawwary
The Irishman: In Conversation,
Hank: Five Years from the Brink,Joe Berlinger
An American in Madras,Karan Bali
The Perfect Match,
Eve's Apple,Jose Manuel Colón
Bo Burnham: Make Happy,Bo Burnham
Do Dooni Chaar,Habib Faisal
Class of '61,Gregory Hoblit
Underdogs,Téo Frank
Mahjong Heroes,Li Pei-Chuan
"Crouching Tiger, Hidden Dragon",Ang Lee
Virsa,Pankaj Batra
Jaoon Kahan Bata Ae Dil,Aadish Keluskar
War Chhod Na Yaar,Faraz Haider
Katt Williams: American Hustle (The Movie),Brit McAdams
Exit Wounds,Andrzej Bartkowiak
Sturgill Simpson Presents Sound & Fury, Henry Thurlow
Tees Maar Khan,Farah Khan
"Ray Romano: Right Here, Around the Corner",Michael Showalter
Mango Dreams,John Upchurch
Possessed,
Hot Girls Wanted: Turned On, Ronna Gradus
Lizzie Borden Took an Ax,Nick Gomez
The Breaker Upperers,Jackie van Beek
Delhi 6,Rakeysh Omprakash Mehra
Dhoondte Reh Jaoge,Umesh Shukla
West Coast,Benjamin Weill
Little Singham: Kaal Ki Tabaahi,Prakash Satam
A Home with A View,Herman Yau
Bigger Fatter Liar,Ron Oliver
"Sincerely Yours, Dhaka", Robiul Alam Robi
Sam Kinison: Family Entertainment Hour,Walter C. Miller
Barah Aana,Raja Menon
Andaz Apna Apna,Rajkumar Santoshi
Stree,Amar Kaushik
No One Will Ever Know,Jesús Torres Torres
Spider-Man 3,Sam Raimi
Annabelle Hooper and the Ghosts of Nantucket,Paul Serafini
Chocolate,
HALO Legends, Koichi Mashimo
The Miracle,
Game,Abhinay Deo
Rustom,Dharmendra Suresh Desai
Wild Oats,Andy Tennant
Hamburger Hill,John Irvin
The Seven Five,Tiller Russell
Joe Rogan: Strange Times,Anthony Giordano
Aziz Ansari Live at Madison Square Garden,Aziz Ansari
Queen of the South,
Sweet Virginia,Jamie M. Dagg
Secrets of Henry VIII's Palace: Hampton Court,Sam Taplin
Monty Don's Italian Gardens,
World War II in Colour,
Sinister Circle,Dorian Fernández-Moris
Fire in the Blood,Dylan Mohan Gray
Patient Seventeen,Jeremy Kenyon Lockyer Corbell
Ken Burns: The Civil War,Ken Burns
Oklahoma City,Barak Goodman
"All's Well, End's Well (2009)",Vincent Kok
The Hollow Point,Gonzalo López-Gallego
Sadma,Balu Mahendra
The Story of Us with Morgan Freeman,
Narcos,
Dil Chahta Hai,Farhan Akhtar
Ultraviolet,
Take My Brother Away,Han Qing
Hans Zimmer: Live in Prague,Tim Van Someren
Fakkah Fuzz: Almost Banned,Michael McKay
Maz Jobrani: Immigrant,Maz Jobrani
Borges,
Golmaal: Fun Unlimited,Rohit Shetty
Sarajevo,Andreas Prochaska
Asoka,Santosh Sivan
I'll Sleep When I'm Dead,Justin Krook
Little Lunch,
Trailer Park Boys: The Movie,Mike Clattenburg
Neal Brennan: 3 Mics,Neal Brennan
Once Upon a Time in the West,Sergio Leone
Yu-Gi-Oh! Arc-V,
Dr. Seuss' The Cat in the Hat,Bo Welch
2307: Winter's Dream,Joey Curtis
Momo Salon,
Billu,Priyadarshan
Z Nation,
Niyazi Gül Dörtnala,Hakan Algül
X: Past Is Present,Hemant Gaba
The Intent 2: The Come Up, Nicky Slimting Walker
Iron Sky: The Coming Race,Timo Vuorensola
Prince Charming,Wong Jing
Jack Whitehall: Christmas with My Father,Richard van't Riet
Green Frontier,
Alejandro Riaño: Especial de stand up,
Alpha and Omega: The Legend of the Saw Tooth Cave,Richard Rich
The Forbidden Kingdom,Rob Minkoff
Macho,Antonio Serrano
Jailbirds,
The Truth,
Sebastian Maniscalco: Stay Hungry,Rik Reinholdtsen
The Nutcracker and the Four Realms, Joe Johnston
She's Gotta Have It,Spike Lee
Flying Guillotine 2, Shan Hua
Naruto Shippuden : Blood Prison,Masahiko Murata
Dinotrux,
The Journey Is the Destination,Bronwen Hughes
14 Blades,Daniel Lee
İstanbul Kırmızısı,
Pee-wee's Playhouse: Christmas Special,Paul Reubens
Mark Gatiss: A Study in Sherlock,Nathan Landeg
Movie 43, Rusty Cundieff
3 Generations,Gaby Dellal
Colours of Passion,Ketan Mehta
Lust Stories, Anurag Kashyap
Stuart Little 2,Rob Minkoff
Expo,Joseph Mbah
Smoking,
Nailed It! France,
How to Get Away with Murder,
Walt Disney Animation Studios Short Films Collection, Jennifer Lee
Beast Legends,
Message from the King,Fabrice Du Welz
Elizabeth at 90: A Family Tribute,John Bridcut
Good Morning Call,
Cop and a Half: New Recruit,Jon Rosenbaum
Salem: His Sister's Father,Mohamed Hamdy
Cain and Abel,
Chasing Coral,Jeff Orlowski
"Trikal (Past, Present, Future)",Shyam Benegal
The Cakemaker,Ofir Raul Graizer
Eerie,Mikhail Red
Kath and Kim,
Coach Snoop,
A Futile and Stupid Gesture,David Wain
Rowdy Rathore,Prabhu Deva
Seven Seconds,
Helios, Luk Kim-ching
The Little Nyonya,
Unsolved,
Love Beats Rhymes,RZA
Charlie's Angels,McG
Satte Pe Satta,Raj N. Sippy
The Ridiculous 6,Frank Coraci
Swami,Basu Chatterjee
Los Tigres del Norte at Folsom Prison,Tom Donahue
Dabbe 6: The Return,Hasan Karacadağ
Lorai: Play to Live,Parambrata Chatterjee
On Children,
Pokémon the Series,
Dog Eat Dog,Paul Schrader
Blue Ruin,Jeremy Saulnier
21 & Over, Scott Moore
Pihu,Vinod Kapri
Seven in Heaven,Chris Eigeman
Puella Magi Madoka Magica,
Perfume,
Hamara Dil Aapke Paas Hai,Satish Kaushik
Like Father,Lauren Miller Rogen
Friday the 13th,Marcus Nispel
Speed Is My Need,Mark Sloper
Enemigo íntimo,
The Bomb, Eric Schlosser
Strong Girl Bong-soon,
Break Up 100,Lawrence Cheng
Pocoyo Carnival,
Naledi: A Baby Elephant's Tale, Geoff Luck
Dino Girl Gauko,
Rapture,
The Promise,Sophon Sakdaphisit
Chhota Bheem Kungfu Dhamaka,Rajiv Chilaka
The Bible's Buried Secrets,
Rachel Getting Married,Jonathan Demme
Borderline,
Nights in Rodanthe,George C. Wolfe
Todo lo que sería Lucas Lauriente,Raúl Campos
Kicko & Super Speedo,
48 Christmas Wishes, Justin G. Dyck
Jatts in Golmaal,Ksshitij Chaudhary
Coach Carter,Thomas Carter
Nate Bargatze: The Tennessee Kid,Ryan Polito
La Bamba,Luis Valdez
Kids on the Block,Tugçe Soysop
Teen Patti,Leena Yadav
The Informant!,Steven Soderbergh
Movie 43, Steve Brill
Becoming Champions,
Leila,
Dabbe: The Possession,Hasan Karacadağ
Oddbods: Party Monsters,
Gad Gone Wild,Mario Rouleau
Standoff,Adam Alleca
Stealing History,Ola Flyum
Death Note,Adam Wingard
Ex-Boyfriend,
From Paris with Love,Pierre Morel
NOVA: Prediction by the Numbers,Daniel McCabe
Rurouni Kenshin,
Deadwind,
To Be of Service,Josh Aronson
The Accountant of Auschwitz,Matthew Shoychet
#Selfie,Cristina Jacob
The Homecoming,
Düğün Dernek,Selçuk Aydemir
Hulk Vs., Frank Paur
Hey Arnold! The Jungle Movie,Raymie Muzquiz
Tunisian Victory, Roy Boulting
Carlos Ballarta: Furia Ñera, Jan Suter
Homeland,Anindya Chatterjee
Goodbye My Wife,
Sherlock Holmes,Guy Ritchie
Holidays, Nicholas McCarthy
Til Death Do Us Part, Shen Chi
Sand Castle,Fernando Coimbra
Dharmakshetra,
The Siege of Jadotville,Richie Smyth
The Minimighty Kids,
We Speak Dance,
Chewing Gum,
Iron Cowboy: The Story of the 50.50.50,Jacob Schwab
FirstBorn,Nirpal Bhogal
The IT Crowd,
"Sincerely Yours, Dhaka", Mir Mukarram Hossain
Laws of Attraction,
5 Star Christmas,Marco Risi
What a Wonderful Family!,Huang Lei
Black Hawk Down,Ridley Scott
I Am Wrath,Chuck Russell
Ten Years, Ng Ka-Leung
Havenhurst,Andrew C. Erin
Criminal: Germany,
Alan Saldaña: Mi vida de pobre, Jan Suter
Part-Time Idol,
Boom,Kaizad Gustad
The Warning,Daniel Calparsoro
The Judgement,
In My Country,Frank Rajah Arase
Cinta Iris,
Demonic,Will Canon
Walt Disney Animation Studios Short Films Collection, Dean Wellins
I Am Not Madame Bovary,Feng Xiaogang
Verses of Love 2,Guntur Soeharjanto
Danny Says,Brendan Toller
"Liar, Liar, Vampire",Vince Marcello
14 Cameras, Seth Fuller
Snow Day,Chris Koch
Wakfu: The Quest for the Six Eliatrope Dofus,
"Monster High: Scaris, City of Frights", Audu Paden
RUSSELL BRAND: RE:BIRTH,Chris Howe
Yellowbird,Christian De Vita
Crime Diaries: The Candidate,
HALO Legends, Tomoki Kyoda
A Christmas Special: Miraculous: Tales of Ladybug & Cat Noir,Thomas Astruc
Genius of the Ancient World,
Sword Master,Derek Yee
Helios,Leung Lok Man
Le K Benzema,Damien Piscarel
Aiyyaa,Sachin Kundalkar
Daemonium,Pablo Parés
The Week Of,Robert Smigel
Barbie: Princess Charm School,Ezekiel Norton
Chewin' the Fat,
Pacificum: Return to the Ocean, Héctor Gálvez
Chatô: The King of Brazil,Guilherme Fontes
Monster High: New Ghoul at School, Eric Radomski
Know Your Enemy - Japan,Frank Capra
Out of Thin Air,Dylan Howitt
Rain Man,Barry Levinson
Monty Python: The Meaning of Live,Roger Graef
The Tribes of Palos Verdes,Brendan Malloy
Valor,
Simon Amstell: Set Free,Julia Knowles
Super Monsters Save Christmas,Steve Ball
Blue Exorcist,
Tidying Up with Marie Kondo,
Inmates,
Ad Vitam,
A Serious Man, Joel Coen
Indiscretion,John Stewart Muller
Bad Seeds,Kheiron
"Out of Many, One", Nanfu Wang
Dear Ex,Hsu Chih-yen
Pine Gap,Mat King
Déjà Vu,
"Bring It On, Ghost",Park Joon-hwa
Parchís: the Documentary,Daniel Arasanz
NOVA: Thai Cave Rescue,Tom Stubberfield
Bill Burr: Walk Your Way Out,Jay Karas
Ghost Whispers,Kazuchika Kise
The Hateful Eight: Extended Version,Quentin Tarantino
Gie,Riri Riza
Age Gap Love,
Because of Soccer, Khalid Kashogi
Igor,Tony Leondis
Nothing to Lose 2,Alexandre Avancini
Ricardo O'Farrill Abrazo Genial, Jan Suter
The White Helmets,Orlando von Einsiedel
Anne with an E,
When Two Worlds Collide, Mathew Orzel
He's Out There,Quinn Lasher
Unfinished Song,Paul Andrew Williams
Dolly Parton's Heartstrings,
My Pride,
Dude,Olivia Milch
Aitraaz,Abbas Alibhai Burmawalla
Voltron: Legendary Defender,
Season of the Witch,Dominic Sena
The Rainmaker,Francis Ford Coppola
Scott Pilgrim vs. the World,Edgar Wright
Dumplin',Anne Fletcher
A Mission in an Old Movie,Ahmad El-Badri
Battle Creek,
Ek Main Aur Ekk Tu,Shakun Batra
Daughters of Destiny,Vanessa Roth
Club Friday To Be Continued - The Promise,
Tree Man,Jon Reiner
Chef's Table: France,
Let's Eat 2,
Sleepless Society: Nyctophobia,
Mary Portas: Secret Shopper,
American Heist,Sarik Andreasyan
The Mistress,Olivia M. Lamasan
Monty Python Best Bits (mostly),
President,
Nathicharami,Mansore
Barbra: The Music ... The Mem'ries ... The Magic!,Barbra Streisand
Islands of the Future,
Shakti: The Power,Krishna Vamshi
Little Evil,Eli Craig
Barbie: Video Game Hero,Conrad Helten
Savita Damodar Paranjpe,Swapna Waghmare Joshi
Walking Out,Alex Smith
A Korean Odyssey,
Himmatwala,Sajid Khan
Incomplete,Suman Mukhopadhyay
Moving Art,
Bottom of the World,Richard Sears
Njan Prakashan,Sathyan Anthikad
Super Monsters Save Halloween,
Cuckoo,
Adrishya,Sandeep Chatterjee
Hitler's Olympics,Daniel Kontur
High Society,Byun Hyuk
Home Is Where the Killer Is,Kaila York
Kevin Hart: Let Me Explain,Leslie Small
When Calls the Heart,
Warehoused,Jack Zagha Kababie
Naughty Jatts,Pankaj Batra
Juanita,Clark Johnson
Boss,Anthony D'Souza
Genius of the Modern World,
Narcoworld: Dope Stories,
Mi amigo Alexis,Alejandro Fernández Almendras
First and Last,
The Blackcoat's Daughter,Osgood Perkins
Blind Detective,Johnnie To
Yes or No 2.5,Kirati Nakintanon
The World We Make,Brian Baugh
Aliens Ate My Homework,Sean McNamara
Parks and Recreation,
Mau Nieto: Viviendo sobrio… desde el bar,
Kung Fu Panda: Holiday,Tim Johnson
Bates Motel,
6-5=2,Bharat Jain
Holidays, Kevin Kolsch
Christmas With A View,Justin G. Dyck
Kid Kulafu,Paul Soriano
American Honey,Andrea Arnold
West Coast Customs,
Heartland,
The Game,David Fincher
Golden Time,Takuya Inaba
Pose,
Ask the StoryBots,
Mission Istaanbul: Darr Ke Aagey Jeet Hai,Apoorva Lakhia
Gina Yashere: Skinny B*tch,
Dark Crimes,Alexandros Avranas
The Force,Peter Nicks
YG Future Strategy Office,
Pokémon: Indigo League,
Hardy Bucks,
Oversize Cops, Phuwanit Pholdee
The Physician,Philipp Stölzl
Y.M.I.: Yeh Mera India,N. Chandra
The Little Mermaid,Blake Harris
Die Another Day,Lee Tamahori
The OA,
Rocky III,Sylvester Stallone
Swiped,Ann Deborah Fishman
Hitler - A Career,Joachim Fest
The Intent, Kalvadour Peterson
Christmas Wedding Planner,Justin G. Dyck
Power Rangers Samurai,
Spyder,A.R. Murugadoss
Love.com,Anita Barbosa
Jal,Girish Malik
My Happy Family,Nana Ekvtimishvili
Quincy,Rashida Jones
Filosofi Kopi The Movie,Angga Dwimas Sasongko
Baazaar,Gauravv K Chawla
Paap-O-Meter,
The Book of Eli,Albert Hughes
Karthik Calling Karthik,Vijay Lalwani
Fishtronaut: The Movie, Kiko Mistrorigo
Brother's Shadow,Todd S. Yellin
The Wedding Curse,Chito S. Roño
Savage Raghda,Mahmoud Karim
Bana Masal Anlatma,Burak Aksak
Don't Go Breaking My Heart,Johnnie To
Huge in France,
The Women's Balcony,Emil Ben-Shimon
Witches: A Century of Murder,
Employee of the Month,Greg Coolidge
Carmen Sandiego,
DreamWorks Spooky Stories: Volume 2,
Creep 2,Patrick Brice
Chup Chup Ke,Priyadarshan
Surviving R. Kelly,
Comedy High School,
GODZILLA City on the Edge of Battle, Hiroyuki Seshita
Belgica,Felix Van Groeningen
Rookie Historian Goo Hae-Ryung,
Prescription Thugs,Chris Bell
Zona Rosa,
Red Dawn,John Milius
Man vs Wild with Sunny Leone,
Convict,Abdul Aziz Hashad
Terra,Yann Arthus-Bertrand
Counterfeiting in Suburbia,Jason Bourque
Clinical,Alistair Legrand
Albert Pinto Ko Gussa Kyun Aata Hai?,Soumitra Ranade
Agustín Aristarán: Soy Rada,Mariano Baez
Offline - Das leben ist kein bonuslevel,Florian Schnell
Lock,Smeep Kang
Fall in Love with Me,
Last Knights,Kazuaki Kiriya
Hattrick,Milan Luthria
You Carry Me,Ivona Juka
Shonar Pahar,Parambrata Chatterjee
Wild District,
Monty Python: Live at The Hollywood Bowl,Terry Hughes
Ricardo Quevedo: Hay gente así, Jan Suter
Monty Python's Almost the Truth,
Dallas Buyers Club,Jean-Marc Vallée
The Heyday of the Insensitive Bastards, Sarah Kruchowski
1922,Zak Hilditch
Bob's Broken Sleigh,Jay Surridge
La Familia P. Luche,
GANTZ:O,Keiichi Sato
Gol Maal,Hrishikesh Mukherjee
NOVA: The Impossible Flight,Noel Dockstader
Eddie - Strongman,Matt Bell
Churchill’s Secret Agents: The New Recruits,
Event Horizon,Paul W.S. Anderson
Zindagi Kitni Haseen Hay,Anjum Shahzad
Zoom,Peter Hewitt
Naked,Michael Tiddes
The Girl Allergic to Wi-Fi,Jun Lana
"I, Daniel Blake",Ken Loach
The Method,
The Irregular at Magic High School,
Mandobasar Galpo,Tathagata Banerjee
Delirium,Dennis Iliadis
Being Elmo: A Puppeteer's Journey,Constance Marks
Episodes,
The Land of the Enlightened,Pieter-Jan De Pue
Cooking on High,
The Basement, Nathan Ives
Joe Mande’s Award-Winning Comedy Special,Daniel Gray Longino
"Aram, Aram",Christopher Chambers
Belgica, Felix van Groeningen
Holidays, Scott Stewart
A Very Murray Christmas,Sofia Coppola
The Fighter,David O. Russell
For Love or Money,Mark Murphy
Qismat,Jagdeep Sidhu
Pocoyo,
72 Dangerous Animals: Latin America,
The Rugrats Movie,Igor Kovalyov
Between Two Ferns: The Movie,Scott Aukerman
Booba,
Triad Princess,
Hope Springs Eternal,Jack C. Newell
Fernando Sanjiao: Hombre, Jan Suter
Ugly,Anurag Kashyap
How It Ends,David M. Rosenthal
Christmas Break-In,Michael Kampa
Nature's Great Race,
A Sort of Family,Diego Lerman
Born to Be Free,Gayane Petrosyan
Chelsea Handler: Uganda Be Kidding Me Live,James Yukich
Ninja Assassin,James McTeigue
Adhugo,
You,Lee Toland Krieger
"Ron White: If You Quit Listening, I'll Shut Up",Tom Forrest
Baaghi,Sabir Khan
Paranormal Investigation,Franck Phelizon
Diana: In Her Own Words,
The Lovers and the Despot,Robert Cannan
Bean: The Ultimate Disaster Movie,Mel Smith
The Great British Baking Show: The Beginnings,
Stories by Rabindranath Tagore,Anurag Basu
100 Days Of Solitude,
Ek Cup Chya, Sunil Sukthankar
The Assassination of Gianni Versace,
Vir Das: Abroad Understanding,Marcus Raboy
A Murder in the Park,Christopher S. Rech
The Redeemed and the Dominant: Fittest on Earth, Mariah Moore
One 2 Ka 4,Shashilal K. Nair
LEGO Bionicle: The Journey to One,
That Thing Called Tadhana,Antoinette Jadaone
Never Heard,Josh Webber
Like Arrows,Kevin Peeples
Hit & Run, Dax Shepard
La Niña,
Kulipari: Dream Walker,
Laddaland,Sopon Sukdapisit
Kahlil Gibran's The Prophet, Joann Sfar
Los tiempos de Pablo Escobar,Alessandro Angulo
Zero Hour,Robert O. Peters
Inglourious Basterds,Quentin Tarantino
Chill with Bob Ross,
Day and Night,
Theo Who Lived,David Shisgall
Balto 3: Wings of Change,Phil Weinstein
City of Tiny Lights,Pete Travis
Christmas with the Kranks,Joe Roth
John Leguizamo's Latin History for Morons,
Leslie Jones: Time Machine, D.B. Weiss
Running Shaadi,Amit Roy
Yoo Byung Jae: Discomfort Zone,Y. Joon Chung
Road Trip: Beer Pong,Steve Rash
LEGO Jurassic World: The Indominus Escape,Michael D. Black
III Smoking Barrels,Sanjib Dey
Hajwala: The Missing Engine, Ibrahim Bin Mohamed
Growing Up Coy,Eric Juhola
One Direction: This Is Us,Morgan Spurlock
Grass Is Greener,Fab Five Freddie
Fix It and Finish It,
Secret of Success,
Babel,Alejandro G. Iñárritu
Walt Disney Animation Studios Short Films Collection, Mike Gabriel
Rimba Racer,
Still, Tanwarin Sukkhapisit
Away From Home,
Cézanne et moi,Daniele Thompson
Layer Cake,Matthew Vaughn
Food: Delicious Science,
Peter Rabbit,Will Gluck
It's Now or Never,Maria Ripoll
Mad Men,
The Ant's Scream,Sameh Abdulaziz
Haunted,
Cultivating the Seas: History and Future of the Full-Cycle Cultured Kindai Tuna,Mana Yasuda
Super Wings,
Legend,Brian Helgeland
G.O.R.A,Ömer Faruk Sorak
The Silence,Gajendra Ahire
A Single Man,Tom Ford
Get Shorty,
Hypersomnia,Gabriel Grieco
Sturgill Simpson Presents Sound & Fury, Takanobu Mizuno
Christopher Robin,Marc Forster
American Hangman,Wilson Coneybeare
Our Idiot Brother,Jesse Peretz
Indiana Jones and the Last Crusade,Steven Spielberg
Jab Harry Met Sejal,Imtiaz Ali
Ninja Turtles: The Next Mutation,
Kaminey,Vishal Bhardwaj
Kalakalappu,Sundar C.
Gunslinger Girl,
Hidden in Plain Sight,Stacia Crawford
Fate/Zero,
All About Nina,Eva Vives
Refugee,Clementine Malpas
Solo Con Tu Pareja,Alfonso Cuarón
A Perfect Man,Kees Van Oostrum
Mayday Life,Muh Chen
No Other Woman,Ruel S. Bayani
Star Wars: Episode VIII: The Last Jedi,Rian Johnson
The Dream Catchers,
Brainchild,
Krish Trish and Baltiboy,
The Flintstones in Viva Rock Vegas,Brian Levant
Solomon Kane,Michael J. Bassett
The Mayo Clinic, Erik Ewers
The Ruthless,Renato De Maria
New Girl,
The First Wives Club,Hugh WIlson
Inuyasha the Movie - La spada del dominatore del mondo,Toshiya Shinohara
Mighty Morphin Power Rangers,
Jim Jefferies : BARE,Shannon Hartman
The Human Factor: The Untold Story of the Bombay Film Orchestras,Rudradeep Bhattacharjee
Legend Quest,
Happy Jail,
Troy,Wolfgang Petersen
A Holiday Engagement,Jim Fall
The Umbrella Academy,
The Perfect Date,Chris Nelson
Power Paandi,Dhanush
Two Sentence Horror Stories,
21,Robert Luketic
The Redeemed and the Dominant: Fittest on Earth,Heber Cannon
"Frankenstein’s Monster’s Monster, Frankenstein",Daniel Gray Longino
Bodyguard,
What Makes a Psychopath?,Rebecca Harrison
The Year of Happiness and Love,
Bad Boys,Michael Bay
Raja Rasoi Aur Anya Kahaniyan,
Elles ont toutes une histoire,Nils Tavernier
Todo lo que sería Lucas Lauriente, Jan Suter
Street Flow, Kery James
The App,Elisa Fuksas
The Last Kids on Earth,
Tarif de nuit,Julien Seri
Mere Papa Hero Hiralal,
Hamza's Suitcase,Akram Farouk
Ginger & Rosa,Sally Potter
Pocoyo & The Space Circus,Alfonso Rodríguez
Pyaar Ka Punchnama 2,Luv Ranjan
Wyatt Earp,Lawrence Kasdan
Star Trek: Deep Space Nine,
Jack Taylor,Stuart Orme
I'm Brent Morin,Lance Bangs
The Boss's Daughter,Olivier Loustau
Sarah's Key,Gilles Paquet-Brenner
Bill Nye: Science Guy,Jason Sussberg
Power Rangers Dino Thunder,
Tango,
Jim Jefferies: Freedumb,Ryan Polito
Fartsa,
Big Miracle,Ken Kwapis
A Cinderella Story,Mark Rosman
Don't Be Afraid of the Dark,Troy Nixey
Yucatán,Daniel Monzón
Rocko's Modern Life: Static Cling,Joe Murray
Shopkins: World Vacation,Richard Bailey
Falling Inn Love,Roger Kumble
The New Romantic,Carly Stone
Our Lovers,Miguel Ángel Lamata
Shutter, Parkpoom Wongpoom
Thriller,Dallas Jackson
Sarkar,A.R. Murugadoss
Power Rangers Ninja Storm,
Phobia 2, Parkpoom Wongpoom
Colkatay Columbus,Saurav Palodhi
Sacred Games, Anurag Kashyap
Brampton's Own,Michael Doneger
The Gospel of Mark,David Batty
Dancing with the Birds,Huw Cordey
The Cuba Libre Story,
Bleach the Movie: Hell Verse,Noriyuki Abe
1 Mile to You,Leif Tilden
Loco Love,Fernando Sariñana
The Long Goodbye: The Kara Tippetts Story,Jay Lyons
Saaho,Sujeeth
My True Friend,Atsajun Sattakovit
Mine,Fabio Guaglione
Justin Timberlake + the Tennessee Kids,Jonathan Demme
Family Business,
Kurt Seyit & Sura,
Who Killed Little Gregory?,
Clive Davis: The Soundtrack of Our Lives,Chris Perkel
Zenda,Avadhoot Gupte
Arrested Development,
Bob Lazar: Area 51 & Flying Saucers,Jeremy Kenyon Lockyer Corbell
Arrow,James Bamford
The Saint,Phillip Noyce
Carlos Ballarta: El amor es de putos, Raúl Campos Delgado
"Monster High: Scaris, City of Frights", Andrew Duncan
About a Boy, Paul Weitz
Westerplatte Resists,Stanisław Różewicz
Hard Tide,Robert Osman
The Road to El Camino: Behind the Scenes of El Camino: A Breaking Bad Movie,
Riphagen - The Untouchable,Pieter Kuijpers
An American Tail: Fievel Goes West,Phil Nibbelink
Tahaan,Santosh Sivan
Life 2.0,Jason Spingarn-Koff
My Ex-Ex,Nathaniel Warsh
Pedal the World,Felix Starck
Tall Girl,Nzingha Stewart
Kill the Messenger,Michael Cuesta
Wormwood,
San Pietro,John Huston
The Search for Life in Space,Stephen Amezdroz
Basketball or Nothing,
The Signal,William Eubank
The Trust, Alex Brewer
American Circumcision,Brendon Marotta
What's Up With Love?, Riri Riza
Pickpockets,Peter Webber
Rilakkuma and Kaoru,
The 2000s,
Mythily Veendum Varunnu,Sabu Varghese
Kazoops!,
Fear and Loathing in Las Vegas,Terry Gilliam
Once Upon a Time, Milan Cheylov
The Rain,
Holy Man 3,Note Chern-Yim
​​Kuch Bheege Alfaaz,Onir
Peepli Live,Anusha Rizvi
Crazy Ex-Girlfriend,
In Laws,
Queen of the Desert,Werner Herzog
Aakhri Adaalat,Rajiv Mehra
"Sincerely Yours, Dhaka", Tanvir Ahsan
Æon Flux,Karyn Kusama
Aquarius,Kleber Mendonça Filho
"Have You Ever Fallen in Love, Miss Jiang?",
Loev,Sudhanshu Saria
Postcards from London,Steve McLean
Pasión de Gavilanes,
Merku Thodarchi Malai,Lenin Bharathi
Into the Forest,Patricia Rozema
Shor In the City,Raj Nidimoru
Roxanne Roxanne,Michael Larnell
Family Blood,Sonny Mallhi
The Lonely Island Presents: The Unauthorized Bash Brothers Experience, Akiva Schaffer
Bobby Sands: 66 Days,Brendan Byrne
Land Girls,
XX, Karyn Kusama
The Rolling Stones: Olé Olé Olé! A Trip Across Latin America,Paul Dugdale
He Never Died,Jason Krawczyk
Jake's Buccaneer Blast,
The Lord of the Rings: The Two Towers,Peter Jackson
Money for Nothing,
Seth Rogen's Hilarity for Charity,Ryan Polito
NOVA: The Impossible Flight, Quinn Kanaly
Smash: Motorized Mayhem,
Socha Na Tha,Imtiaz Ali
Fadily Camara : La plus drôle de tes copines,Gautier & Leduc
Manhattan Romance,Tom O'Brien
Celluloid Man,Shivendra Singh Dungarpur
La Rosa de Guadalupe,
Kardec,Wagner de Assis
Somewhere Only We Know,
A Ghost Story,David Lowery
Movie 43, Elizabeth Banks
For Your Own Good,Carlos Therón
Chelsea Peretti: One of the Greats,Lance Bangs
Club Friday The Series 6,
Pukar,Rajkumar Santoshi
Holidays, Kevin Smith
Cleo & Cuquin,Fernando Moro
When Two Worlds Collide,Heidi Brandenburg
Ali's Wedding,Jeffrey Walker
Your lie in April,
Shutter,Banjong Pisanthanakun
Explained,
On the Wrong Track,Clarence Yiu-leung Fok
Louis C.K. 2017,Louis C.K.
Lego Friends: Girls on a Mission, Stephen Murray
Sling Blade,Billy Bob Thornton
K,
Trailer Park Boys Live In F**kin' Dublin,Mike Smith
Rattlesnake,Zak Hilditch
The Mayor,Park In-je
The Bare-Footed Kid,Johnnie To
Sin City,Robert Rodriguez
Alejandro Sanz: What I Was Is What I Am,Gervasio Iglesias
Loco Love, José Luis Gutiérrez
Just Another Love Story,Ole Bornedal
Tyson,James Toback
This Evening,
Milada,David Mrnka
Love Now,
Barely Lethal,Kyle Newman
Monster High: Why Do Ghouls Fall in Love?,Dustin McKenzie
Lal Patthar,Sushil Majumdar
De Film van Dylan Haegens,Dylan Haegens
Life Sentence,
The Curse of Oak Island,
Samudri Lootere,Anirban Majumder
K-on! the movie,Naoko Yamada
History of Joy,Vishnu Govindhan
Katti Batti,Nikhil Advani
The Incredible Story of the Giant Pear, Amalie Næsby Fick
I'll See You in My Dreams,Brett Haley
My Beautiful Broken Brain,Sophie Robinson
Frozen Planet: The Epic Journey,
Midnight Misadventures With Mallika Dua,
Simplemente Manu NNa,Jan Suter
Three-Quarters Decent,Mohamed Hamdy
The Awakening of Motti Wolkenbruch,Michael Steiner
Love Ni Bhavai,Saandeep Patel
Rolling Thunder Revue: A Bob Dylan Story by Martin Scorsese,Martin Scorsese
Collateral,
The Evil Dead,Sam Raimi
27: Gone Too Soon,Simon Napier-Bell
Mak Cun,
Chalay Thay Saath,Umer Adil
The Cell,Tarek Al Eryan
Man of Tai Chi,Keanu Reeves
Timeline,
Harold & Kumar Go to White Castle,Danny Leiner
Forbidden Planet,Fred M. Wilcox
Todd Barry: Spicy Honey,Jay Chapman
Hache,
Asperger's Are Us,Alex Lehmann
Westside,
Apache: The Life of Carlos Tevez,
Bombay Talkies, Karan Johar
Tremors 3: Back to Perfection,Brent Maddock
Aashik Awara,Umesh Mehra
Immoral Tales,Walerian Borowczyk
Stronger Than the World,Afonso Poyart
SunGanges,Valli Bindana
1 Chance 2 Dance,Adam Deyoe
Heroes Wanted,Joaquín Mazón
Prohibition: A Film by Ken Burns and Lynn Novick,
The Matrix, Lana Wachowski
Anjaan: Special Crimes Unit,
Breaking Free,Sridhar Rangayan
Oggy and the Cockroaches,Olivier Jean-Marie
Home: Adventures with Tip & Oh,
Hart of Dixie,
Freezer's Campaign,Sameh Abdulaziz
Ottaal,Jayaraj Rajasekharan Nair
Amrapali,Lekh Tandon
Jealousy and medicine,Janusz Majewski
Esperando La Carroza,Alejandro Doria
Workin' Moms,
Pocoyo Halloween: Space Halloween,
The Returned,
Sarvopari Palakkaran,Venugopan
The Heyday of the Insensitive Bastards, Ryan Moody
Criminal Minds,
Buddies,Marcelo Galvão
World's Weirdest Homes,Storm Theunissen
Sofía Niño de Rivera: Selección Natural, Jan Suter
Being AP,Anthony Wonke
Sturgill Simpson Presents Sound & Fury, Arthell Isom
Champions,
Soul to Keep, Monière
14 Minutes from Earth, Erich Sturm
Can We Get Married?,
Lion's Heart,Karim El Sobky
Bioscope, Girish Mohite
Salaakhen,A. Salaam
The Haunting of Hill House,
Natalia Valdebenito: El especial, Jan Suter
John Mulaney: Kid Gorgeous at Radio City,Alex Timbers
Grey's Anatomy,
I'm in Love with a Church Girl,Steve Race
Bulbul Can Sing,Rima Das
Holidays, Adam Egypt Mortimer
Jim Norton: Mouthful of Shame,Shannon Hartman
Belmonte,Federico Veiroj
Black Snake Moan,Craig Brewer
Angry Indian Goddesses,Pan Nalin
Would You Rather,David Guy Levy
Om Shanti Om,Farah Khan
Marvel's Iron Fist,
Where the Money Is,Marek Kanievska
Blood Pact,
Monster Family,Holger Tappe
Bazaar,Sagar Sarhadi
Shuddhi,Adarsh Eshwarappa
Chhota Bheem Ka Troll Se Takkar,Shyamal Chaulia
Voyeur, Josh Koury
Love Me As I Am,
Chupan Chupai,Mohsin Ali
Settai,R. Kannan
Babylon Berlin,
Dragon Tiger Gate,Wilson Yip
Last Breath, Richard da Costa
Ek Ladki Ko Dekha Toh Aisa Laga,Shelly Chopra Dhar
SWORDGAI The Animation,
Tidelands,
Made in Mexico,
The Little Prince,Mark Osborne
We Have Always Lived in the Castle,Stacie Passon
The Devil We Know, Jeremy Seifert
Among Family,Ozan Açıktan
P. King Duckling,
Roh's Beauty,Sameh Abdulaziz
X: Past Is Present, Qaushiq Mukherjee
Pac-Man and the Ghostly Adventures,
Kucch To Hai,Anil V. Kumar
Retribution,Dani de la Torre
Misaeng,
Long Time Running,Jennifer Baichwal
Daybreak,
Muzaffarnagar Baaqi Hai,Nakul Singh Sawhney
Jeremy Scott: The People's Designer,Vlad Yudin
Cocaine Coast,
Junebug,Phil Morrison
Head Count,Elle Callahan
Nails,Dennis Bartok
My Perfect Romance,Justin G. Dyck
Fireplace 4K: Classic Crackling Fireplace from Fireplace for Your Home,George Ford
The Adderall Diaries,Pamela Romanowsky
Somewhere Between,
Back to 1989,
The Twins Effect II,Corey Yuen
Mia and Me,
Tum Milo Toh Sahi,Kabir Sadanand
NOVA: Poisoned Water,Llewellyn M. Smith
"Behind ""The Cove"": The Quiet Japanese Speak Out",Keiko Yagi
Todo Sobre El Asado, Gastón Duprat
Berserk: The Golden Age Arc II - The Battle for Doldrey,Toshiyuki Kubooka
Trespass Against Us,Adam Smith
2015 Dream Concert,
Rocko's Modern Life: Static Cling, Cosmo Segurson
La Piloto,
"To Wong Foo, Thanks for Everything! Julie Newmar",Beeban Kidron
Hot Girls Wanted: Turned On,Jill Bauer
DreamWorks Shrek's Swamp Stories,
Designated Survivor,
Bangkok Love Stories: Objects of Affection,
Kath & Kimderella,Ted Emery
I Am Me!,
Barakah Meets Barakah,Mahmoud Sabbagh
9,Shane Acker
Secrets of Highclere Castle,Vicky Matthews
Thunderbolt,William Wyler
Russell Peters vs. the World,
Happy And,
A Love So Beautiful,
Always a Witch,
HALO Legends, Frank O'Connor
Pizza,Akshay Akkineni
Tezz,Priyadarshan
Chamatkar,Rajiv Mehra
Rampage: President Down,Uwe Boll
Bat Pat,
Tundukkan Playboy Itu,
Rise of the Zombie, Luke Kenny
Girl,Lukas Dhont
May You Prosper,Hassan Hegazy
Hum Saath-Saath Hain,Sooraj R. Barjatya
Lucky: No Time for Love,Radhika Rao
The Autopsy of Jane Doe,André Øvredal
Pettersson and Findus 2,Ali Samadi Ahadi
Bulletproof 2,Don Michael Paul
Paul Blart: Mall Cop,Steve Carr
Hjørdis,Lars Kaalund
Care Bears: Welcome to Care-a-Lot,
Restless Creature: Wendy Whelan,Linda Saffire
X: Past Is Present, Suparn Verma
Mallesham,Raj R
Naruto the Movie 3: Guardians of the Crescent Moon Kingdom,Toshiyuki Tsuru
Galavant,
Hannah Gadsby: Nanette, Jon Olb
Unchained Fate,
Little Singham in London,Prakash Satam
Samurai Gourmet,
Toc Toc,Vicente Villanueva
One Night Stand,Jasmine D'Souza
7 Days Out,
Beasts of No Nation,Cary Joji Fukunaga
Joker,Shirish Kunder
Garfield's Fun Fest, Eondeok Han
Bunk'd,
Pekak,Mohd Khairul Azri Bin Md Noor
El desconocido,
St. Agatha,Darren Lynn Bousman
Lilyhammer,
Cheer Squad,
Bad Guys: Vile City,
Iliza Shlesinger: Unveiled,Steve Paley
Superman Returns,Bryan Singer
Ingobernable,
Bawarchi,Hrishikesh Mukherjee
Alt-Right: Age of Rage,Adam Bhala Lough
Are We Done Yet?,Khaled El Halafawy
Ultimate Beastmaster,
3 Seconds Divorce,Shazia Javed
Alpha and Omega 2: A Howl-iday Adventure,Richard Rich
Masha and the Bear,
Lust Stories, Karan Johar
Bewildered Bolbol,Khaled Marei
My Runway,
Michael Che Matters,Oz Rodriguez
Aalorukkam,V C Abhilash
Perú: Tesoro escondido,Luis Ara
Race 2, Mastan Alibhai Burmawalla
Jessica Darling's It List,Ali Scher
To Be a Miss, Flor Salcedo
Ingress: The Animation,
For Greater Glory,Dean Wright
Pants on Fire,Jonathan A. Rosenbaum
X: Past Is Present, Sudhish Kamath
The Mad Monk,Johnny To
Extinction,Ben Young
Dragons: Rescue Riders,
Man Down,
Undercover,
Movie 43, James Duffy
Walt Disney Animation Studios Short Films Collection, Lauren MacMullan
Titipo Titipo,
Archibald's Next Big Thing,
Monster High: Ghouls Rule, Steve Sacks
Total Frat Movie,Warren P. Sonoda
Miss Stevens,Julia Hart
The Hockey Girls, Patricia Font
Big Kill,Scott Martin
The Walking Dead,
Results,Andrew Bujalski
Herrens veje,
The Womanizer,
Russian Doll,
Rebelde,
Another Miss Oh,
The Original Kings of Comedy,Spike Lee
The Heretics,Chad Archibald
Dynasty,
Free Fire,Ben Wheatley
GEN HOSHINO STADIUM TOUR “POP VIRUS”,Naoto Amazutsumi
La Última Fiesta, Nicolás Silbert
Too Young the Hero,Buzz Kulik
Ben 10,
LEGO Elves: Secrets of Elvendale,
Chasing the Dragon, Jason Kwan
Dogs of Berlin,
3 Deewarein,Nagesh Kukunoor
Spy Kids 3: Game Over,Robert Rodriguez
Chernobyl Diaries,Bradley Parker
"Alias JJ, la celebridad del mal",
Avicii: True Stories,Levan Tsikurishvili
Primal Fear,Gregory Hoblit
G-Force,Hoyt Yeatman
Without Gorky,Cosima Spender
Patton Oswalt: Annihilation,Bobcat Goldthwait
All Hail King Julien,
Doctor Zhivago,David Lean
Zombieland,Ruben Fleischer
Jalpari: The Desert Mermaid,Nila Madhab Panda
Chronicle of an Escape,Israel Adrián Caetano
Thackeray,
Pyaar Ka Punchnama,Luv Ranjan
Kung Fu Magoo,Andrés Couturier
Neon Genesis Evangelion,
1920,Vikram Bhatt
Switched,
North & South,
Before I Wake,Mike Flanagan
Scooby-Doo on Zombie Island, Kazumi Fukushima
GODZILLA The Planet Eater, Hiroyuki Seshita
Bumping Mics with Jeff Ross & Dave Attell,
Sadece Sen,Hakan Yonat
Mara,Clive Tonge
The First Temptation of Christ,Rodrigo Van Der Put
College Romance,
Rush: Beyond the Lighted Stage,Sam Dunn
Kantaro: The Sweet Tooth Salaryman,
Mary Poppins Returns,Rob Marshall
Great News,
Kristy,Oliver Blackburn
Desolation,Sam Patton
Spivak, Adam Larson Broder
Ash vs. Evil Dead,
NOVA: Chinese Chariot Revealed,Giulia Clark
Thor: Ragnarok,Taika Waititi
Audrie & Daisy, Jon Shenk
Baby,
ReMastered: Tricky Dick & The Man in Black,Sara Dosa
Royal Pains,Jay Chandrasekhar
Elstree 1976,Jon Spira
Liberated: The New Sexual Revolution,
The Family Court,
Brotherhood,
Same Kind of Different as Me,Michael Carney
House Arrest, Samit Basu
Breaking the Bank,Vadim Jean
Reply 1997,Shin Won-ho
The Other One: The Long Strange Trip of Bob Weir,Mike Fleiss
Jeff Dunham: Arguing with Myself,Manny Rodriguez
Club of Crows,
El club de los insomnes,Joseduardo Giordano
Attitude Test,Fabrizio Copano
The Legend of 420,Peter Spirer
Kingpin, Bobby Farrelly
Bonus Family,
Iqbal,Nagesh Kukunoor
Galih dan Ratna,Lucky Kuswandi
"Monty Python Live (Mostly): One Down, Five to Go",Eric Idle
Drug Lords,
Iron Man & Captain America: Heroes United,Leo Riley
Hot Girls Wanted: Turned On, Rashida Jones
Love Shot,Steven Fine
"Norm Macdonald: Hitler's Dog, Gossip & Trickery",Liz Plonka
The Other Side of the Wind,Orson Welles
Mother Goose Club,
Sherlock,
Chaahat,Mahesh Bhatt
Lady Dynamite,
The Many Faces of Ito,
Shikari,Latif Faiziyev
The Little Mermaid, Chris Bouchard
Muran,Rajan Madhav
Calico Critters: The Treasure of Calico Village,Momoko Kamiya
Marvel & ESPN Films Present: 1 of 1: Genesis,Eric Drath
Unauthorized Living,
Samarppanam,K. Gopinathan
Grace and Frankie,
Ghost of the Mountains,Ben Wallis
The Brave,William Kaufman
"Oh, Ramona!",Cristina Jacob
Inhuman Kiss,Sittisiri Mongkolsiri
Sebastián Marcelo Wainraich, Jan Suter
Alibaba Aur 40 Chor, Umesh Mehra
Flinch,
American Factory, Julia Reichert
"Lady, la vendedora de rosas",
Garfield Gets Real,Mark A.Z. Dippé
Kill Ratio,Paul Tanter
El Clon,
A Thousand Goodnights,
The Angel,Ariel Vromen
Sunrise,Partho Sen-Gupta
Occupied,
Monster High: Haunted, William Lau
The Mortified Guide,
Magi: The Labyrinth of Magic,
The Devil's Mistress,Filip Renc
The Milk System,Andreas Pichler
Railroad Tigers,Ding Sheng
Undercover: How to Operate Behind Enemy Lines,John Ford
Sample This,Dan Forrer
Hombanna,Rakshith Thirthahalli
Paprika,
Haani,Amitoj Mann
Acapulco La vida va,Alfonso Serrano Maturino
Room for Rent,Matthew Atkinson
Battle Drone,Mitch Gould
Freedom at Midnight,Tinu Pappachan
My Tattoo Addiction,
Jim Gaffigan: King Baby,Troy Miller
Bill Hicks: Sane Man,Kevin Booth
Don,Chandra Barot
The 100,
"Mariusz Kałamaga, Karol Kopiec, Wiolka Walaszczyk Hilarious Trio",
Maniac,
It Comes at Night,Trey Edward Shults
Tom Segura: Mostly Stories,Jay Karas
Hyori's Bed & Breakfast,
True: Tricky Treat Day,
Tayee,
El Vato,
The Boy in the Striped Pajamas,Mark Herman
Disappearance,
Sandy Wexler,Steven Brill
Below Her Mouth,April Mullen
One More Time,
The Bounty Hunter,Andy Tennant
Black Mirror: Bandersnatch,
Bangkok Traffic (Love) Story,Adisorn Tresirikasem
Baby Dolls,Vijay Kumar Arora
Westside vs. the World,Michael Fahey
A Leaf of Faith,Chris Bell
Alone in Berlin,Vincent Perez
Bandie,Alo Sarkar
Yes or No 2,Saratswadee Wongsomphet
The Mayo Clinic, Christopher Loren Ewers
The Spectacular Now,James Ponsoldt
Asu Mare 2,Ricardo Maldonado
Hantu Kak Limah,Mamat Khalid
PILI Fantasy: War of Dragons,
F is for Family,
The Good Catholic,Paul Shoulberg
El sendero de la anaconda,Alessandro Angulo
Screwball,Billy Corben
Verónica, Alejandro Martinez-Beltran
Nobel,
The Feels,Jenée LaMarque
14 Minutes from Earth, Trey Nelson
LEGO Marvel Super Heroes: Avengers Reassembled!,Rob Silvestri
Baahubali: The Beginning (English Version),S.S. Rajamouli
Tokyo Trial,
Garfield Gets Real, Kyung Ho Lee
"Sincerely Yours, Dhaka",Nuhash Humayun
The Forest of Love,Sion Sono
Bee Movie,Steve Hickner
Krish Trish and Baltiboy: Part II,
Jonathan,Bill Oliver
Wrong Side Raju,Mikhil Musale
Nothing to Lose,Alexandre Avancini
A Tale of Love and Darkness,Natalie Portman
The Distinguished Citizen,Gastón Duprat
Mi Shivajiraje Bhosale Boltoy,Santosh Manjrekar
Rafinha Bastos: Ultimatum,
ATM,Mez Tharatorn
True: Happy Hearts Day,
Auschwitz: Blueprints of Genocide,Mike Rossiter
Detention Letter,Mohamed Samy
For the Love of Benji,Joe Camp
NOVA: Decoding the Weather Machine,Doug Hamilton
Humko Deewana Kar Gaye,Raj Kanwar
The Disastrous Life of Saiki K.: Reawakened,
Monty Don's French Gardens,Rachel Bell
Off Camera,
How the Grinch Stole Christmas,Ron Howard
First Match,Olivia Newman
Wild Wild Country,
Resident Evil: Afterlife,Paul W.S. Anderson
Martin Luther: The Idea that Changed the World,David Batty
The Island,Toka McBaror
The Great Raid,John Dahl
Psiconautas,
World's Busiest Cities,
Vizontele, Ömer Faruk Sorak
Initial D,Andrew Lau Wai-Keung
Duck Butter,Miguel Arteta
Maacher Jhol,Pratim D. Gupta
When Angels Sleep,Gonzalo Bendala
Chup Chup Ke, Kookie V. Gulati
The Good Neighbor,Kasra Farahani
Ken Burns: The Roosevelts: An Intimate History,Ken Burns
Ozark,
Bogda,Nisheeta Keni
The Great Gambler,Shakti Samanta
Ronnie Coleman: The King,Vlad Yudin
Harold and Lillian: A Hollywood Love Story,Daniel Raim
Taylor Swift reputation Stadium Tour,Paul Dugdale
Riverdale,Rob Seidenglanz
Tig Notaro Happy To Be Here,Tig Notaro
​SAINT SEIYA: Knights of the Zodiac,
Best Lover,
Once Upon a Time in Mumbai Dobaara!,Milan Luthria
American Vandal,
The Incident,Isaac Ezban
The Ryan White Story,John Herzfeld
The Matrix Revolutions, Lana Wachowski
A StoryBots Christmas,Evan Spiridellis
Super Nani,Indra Kumar
Power Rangers Super Megaforce,
Requiem,
Russell Madness,Robert Vince
Mobile Suit Gundam: Iron-Blooded Orphans,
Planetarium,Rebecca Zlotowski
Kill Hitler! The Luck of the Devil,Frédéric Tonolli
Fracture,Gregory Hoblit
Ferris Bueller's Day Off,John Hughes
Cannon Busters,
Gelo,Manbhavan Singh
The Giant,Aitor Arregi
When We First Met,Ari Sandel
Terminator 3: Rise of the Machines,Jonathan Mostow
True Memoirs of an International Assassin,Jeff Wadlow
Who the F**k Is That Guy?,Drew Stone
Love Rhythms - Accidental Daddy,
Hot Date,
Off Course,Nacho G. Velilla
Snowpiercer,Bong Joon Ho
Deadcon,Caryn Waechter
Anthony Kaun Hai?,Raj Kaushal
Genius,Suseenthiran
Frontier,
Women of Mafia 2,Patryk Vega
Killer Inside: The Mind of Aaron Hernandez,
Mr. Gaga: A True Story of Love and Dance,Tomer Heymann
GLOW: The Story of the Gorgeous Ladies of Wrestling,Brett Whitcomb
The Last Summer,William Bindley
SGT. Will Gardner,Max Martini
Border Security: America's Front Line,
Di Renjie zhi Sidatianwang,Hark Tsui
Prince of Peoria: A Christmas Moose Miracle,Jon Rosenbaum
The Perfect Day,Jean-Pierre Devillers
Donald Glover: Weirdo,Shannon Hartman
The Dancer,Ifa Isfansyah
Premachi Goshta,Satish Rajwade
All About Love,
Super Bheem Bana Vajraveer,Sumit Das
The Witch,Robert Eggers
Wanted,
Fishtronaut: The Movie, Rodrigo Eba
93 Days,Steve Gukas
Inside Bill's Brain: Decoding Bill Gates,
K.O.3an Guo,
Norman Lear: Just Another Version of You, Rachel Grady
Rezeta,Fernando Frías De La Parra
The Spiderwick Chronicles,Mark Waters
Some Assembly Required,
Mantostaan,Rahat Kazmi
Ajji,Devashish Makhija
How the Beatles Changed the World,Tom O'Dell
Power Rangers Lightspeed Rescue,
Skin Wars,
Romantik Komedi 2: Bekarlığa Veda,Erol Özlevi
Petta (Telugu Version),Karthik Subbaraj
Operation Mekong,Dante Lam
Residue,
Einsatzgruppen: The Nazi Death Squads,
NCIS,
TAU,Federico D'Alessandro
Flash of Genius,Marc Abraham
Harud,Aamir Bashir
Deon Cole: Cole Hearted,Ryan Polito
All Good Ones Get Away,Víctor García
Exit Strategy,Michael Whitton
Satan & Adam,V. Scott Balcerek
Hot Girls Wanted, Ronna Gradus
Ittefaq,Abhay Chopra
Oprah Presents When They See Us Now,Mark Ritchie
Dragonkala Ka Rahasya,Rajiv Chilaka
Bhagam Bhag,Priyadarshan
The Sniffer,
Shelter, Björn Stein
The After Party,Ian Edelman
A Family Man,Mark Williams
SMOSH: The Movie,Alex Winter
Khido Khundi,Rohit Jugraj
Bobby,Raj Kapoor
Bioscope, Viju Mane
NOVA: Death Dive to Saturn,Terri Randall
Chasing the Dragon,Wong Jing
Weird Wonders of the World,
Lila & Eve,Charles Stone III
The Five,Mark Tonderai
John Mulaney: New in Town,Ryan Polito
Odu Raja Odu,Nishanth Ravindaran
Intersection,
Kisaan,Puneet Sira
The Drunk and on Drugs Happy Funtime Hour,
Teefa in Trouble,Ahsan Rahim
LEGO Ninjago: Masters of Spinjitzu: Day of the Departed,
Criminal: France,
B.A. Pass 2,Shadab Khan
Monster-in-Law,Robert Luketic
Chef's Table,
Celebrity Marriage,Pascal Amanfo
Trailer Park Boys: The Animated Series,Norm Hiscock
Yamla Pagla Deewana 2,Sangeeth Sivan
Numero Zero. The Roots of Italian Rap,Enrico Bisi
Into the Badlands,
Twin Peaks,
Burnistoun,
Burn Out,Yann Gozlan
LEGO Marvel Super Heroes: Black Panther,Michael D. Black
My Next Guest Needs No Introduction With David Letterman,
Joaquín Reyes: Una y no más,José Miguel Contreras
Sour Grapes, Reuben Atlas
Richie Rich,
Justin Bieber: Never Say Never,Jon M. Chu
How High 2,Bruce Leddy
"Trailer Park Boys: Drunk, High and Unemployed: Live in Austin", Robb Wells
Quicksand,
Zion,Floyd Russ
Marvel's Iron Man & Hulk: Heroes United, Eric Radomski
Restless Creature: Wendy Whelan, Adam Schlesinger
The Windsors,
The Irishman,Martin Scorsese
"Good Night, and Good Luck",George Clooney
John & Yoko: Above Us Only Sky,Michael Epstein
This Was Tomorrow,Wim Bonte
The Dream Job,
American Crime,
Until Dawn,
Jani Dueñas: Grandes fracasos de ayer y hoy,Raúl Campos
A Fortunate Man,Bille August
Rumor Has It,Rob Reiner
Cheese in the Trap,Lee Yoon-jung
Monster High: Fright On!, Alfred Gimeno
The End of Evangelion,Hideaki Anno
Patron Mutlu Son Istiyor,Kıvanç Baruönü
Children of the Whales,
Bugs,Andreas Johnsen
Portlandia,
Assimilate,John Murlowski
Gypsy,
Bombay Talkies,Zoya Akhtar
Club Friday To Be Continued - My Beautiful Tomboy,
Joseph: King of Dreams, Robert C. Ramirez
Love Alarm,
Benji,Joe Camp
Four Seasons in Havana,
Logan's Run,Michael Anderson
Exit Afghanistan, Marius Arnesen
Monty Python's Life of Brian,Terry Jones
Haven,
Chocolate City: Vegas Strip,Jean-Claude La Marre
Dear White People,
Hidden Worlds,
Judge Singh LLB,Atharv Baluja
Mahi NRI,Gaurav Bavdankar
Power Rangers Super Megaforce: The Legendary Battle (Extended),Charlie Haskell
The Consul's Son,Amr Arafa
Naga The Eternal Yogi,Krishna Agazzi
After Life,
Zak Storm,
The Protector,
Sanju,Rajkumar Hirani
Ragini MMS 2,Bhushan Patel
E-Cigarettes: Miracle or Menace?,Emma Hatherley
Magnolia,Paul Thomas Anderson
The Last Runway,Rodrigo Salomón
Bride For Rent,Mae Czarina Cruz
Best Neighbors,Tamer Bassiouni
The Irish Mob,
Now and Then,Lesli Linka Glatter
Levius,
The Amazing Praybeyt Benjamin,Wenn V. Deramas
Charlotte's Web,Charles A. Nichols
Mind Game,
Colony,
Krish Trish and Baltiboy: Battle of Wits, Tilak Shetty
Tukaram,Chandrakant Kulkarni
Deviant Love,Michael Feifer
The 4th Company, Amir Galvan Cervera
My Scientology Movie,John Dower
The Russian Revolution,Cal Seville
Shooter,
REA(L)OVE,
DRAGON PILOT: Hisone & Masotan,
Unriddle,
Amateur,Ryan Koo
Sicilian Ghost Story, Antonio Piazza
American Warfighter,Jerry G. Angelo
Man Up,Ben Palmer
Mr. Young,
Popeye,Robert Altman
Hera Pheri,Prakash Mehra
Dinotrux Supercharged,
Kyaa Kool Hain Hum 3,Umesh Ghadge
Khalnayak,Subhash Ghai
The Climb,Ludovic Bernard
Good Girls,
Cirque du Freak: The Vampire's Assistant,Paul Weitz
Anthony Bourdain: Parts Unknown,
4th Man Out,Andrew Nackman
Miss Panda & Mr. Hedgehog,
Just Love,Andy Caballero
Fireplace 4K: Crackling Birchwood from Fireplace for Your Home,George Ford
Fit for Fashion,
Sunderland 'Til I Die,
Th Eena Meena Deeka Chase Comedy Show,Dheeraj Berry
LEGO Ninjago: Masters of Spinjitzu,
Family Reunion,
Loving You,Johnnie To
America's Book of Secrets,
Chilling Adventures of Sabrina,
Shiva,Ram Gopal Varma
Green Eggs and Ham,
Know Your Enemy - Japan, Joris Ivens
Rampant,Kim Sung-hoon
I Am Jane Doe,Mary Mazzio
Ek Hasina Thi,Sriram Raghavan
Naruto the Movie 2: Legend of the Stone of Gelel,Hirotsugu Kawasaki
The Cravings,
Jhankaar Beats,Sujoy Ghosh
Şubat,
Chennai Express,Rohit Shetty
How to Make an American Quilt,Jocelyn Moorhouse
Our Souls at Night,Ritesh Batra
Boi,Jorge M. Fontana
The Score,Frank Oz
Queer Eye,
Real Crime: Supermarket Heist (Tesco Bomber),
The CEO,Kunle Afolayan
Power Rangers Samurai: Clash of the Red Rangers,
Footprints in the Sand,
Chaar Sahibzaade,Harry Baweja
The Thief and the Imbecile, Mohamed Mostafa
Cop Car,Jon Watts
Jim Gaffigan: Mr. Universe,Jay Karas
The Perfect Dictatorship,Luis Estrada
Rainbow Time,Linas Phillips
The 3rd Eye,Rocky Soraya
Jack and the Cuckoo-Clock Heart,Mathias Malzieu
Coffee for All, Roly Santos
V.R. Troopers,
American Son,Kenny Leon
Marc Maron: Thinky Pain,Lance Bangs
Pioneers of African-American Cinema,Oscar Micheaux
Hormones,
Holiday Rush,Leslie Small
I Don't Know How She Does It,Douglas McGrath
Bioscope, Ravi Jadhav
The New Legends of Monkey,
Gringo: The Dangerous Life of John McAfee,Nanette Burstein
Queens of Comedy,
LA 92,Daniel Lindsay
The Story of God with Morgan Freeman,
The Who Was? Show,
NSU German History X,
New Money,Tope Oshin
The Vault,Dan Bush
Blackfish,Gabriela Cowperthwaite
Malena Pichot: Estupidez compleja, Jan Suter
Peasants Rebellion,
Slow Country,Eric Aghimien
Bullitt County,David McCracken
Mutiny on the Bounty,Lewis Milestone
Welcome to Monster High: The Origin Story, Jun Falkenstein
Quién te cantará,Carlos Vermut
The Bling Ring,Sofia Coppola
Candy Jar,Ben Shelton
Historia de un clan,
A Patch of Fog,Michael Lennox
W/O Ram,Vijay Yelakanti
Reboot: The Guardian Code,
Down The Fence,M.J. Isakson
Unit 42,
FullMetal Alchemist,Fumihiko Sori
Kaçak,
Lawless,John Hillcoat
The Confirmation,Bob Nelson
Anjaan,N. Linguswamy
Vagabond,
Ricardo Quevedo: Hay gente así,Raúl Campos
Laerte-se,Lygia Barbosa da Silva
Mere Pyare Prime Minister,Rakeysh Omprakash Mehra
Trinkets,
Don't Go Breaking My Heart 2,Johnnie To
21 Thunder,
The Little Hours,Jeff Baena
The Liar,
Fear Files... Har Mod Pe Darr,
Tremors 4: The Legend Begins,S.S. Wilson
Time Please,Sameer Vidwans
Ricardo O'Farrill: Abrazo navideño, Jan Suter
Secrets of Underground London,Vicky Matthews
Velvet,Carlos Sedes
The Tourist,Florian Henckel von Donnersmarck
Takers,John Luessenhop
Mom,Ravi Udyawar
Godzilla,Kobun Shizuno
Elles étaient en guerre 1939-1945,Hugues Nancy
Afflicted,
Sin senos no hay paraíso,
Animas, José Ortuño
The House of Flowers Presents: The Funeral,Manolo Caro
HOMECOMING: A film by Beyoncé,Beyoncé Knowles-Carter
For Grace,Mark Helenowski
Temple,Michael Barrett
Lost Girl,
Five Elements Ninjas,Cheh Chang
A Night at the Roxbury,John Fortenberry
Haraamkhor,Shlok Sharma
Kalki,Dhilip Kumar
The Great Train Robbery,
Saheb Bibi Golaam,Pratim D. Gupta
Imposters,
Inspector Gadget,
Contract,Ram Gopal Varma
People You May Know,J.C. Falcón
The Brawler,Ken Kushner
Jack Whitehall: Travels with My Father,
E-Team, Ross Kauffman
Heartbreakers,David Mirkin
The Last Shaman,Raz Degan
The Similars,Isaac Ezban
Daddy Issues,Amara Cash
Calibre,Matt Palmer
Solo,Bejoy Nambiar
My Big Night,Álex de la Iglesia
Fuller House,
FIGHTWORLD,Padraic McKinley
Wish I Was Here,Zach Braff
Fire in Paradise, Zackary Canepari
Clarence Clemons: Who Do I Think I Am?,Nick Mead
Chhota Bheem Ka Romani Adventure,Asit Mohapatra
Operator,Logan Kibens
Tijuana,
Most Beautiful Thing,
Pulp Fiction,Quentin Tarantino
Bheemayan,Rajiv Chilaka
Kopitiam,
Bitten,
Udta Punjab,Abhishek Chaubey
Hit & Run,David Palmer
The Messengers,
My Babysitter's a Vampire: The Movie,Bruce McDonald
The 101-Year-Old Man Who Skipped Out on the Bill and Disappeared, Måns Herngren
Monster High: Great Scarrier Reef,William Lau
A Scandall,Ishaan Trivedi
100 Things to do Before High School,
I Am Mother,Grant Sputore
Born in Syria,Hernán Zin
Hey Arnold! The Jungle Movie, Stu Livingston
Marvel's Hulk: Where Monsters Dwell,Mitch Schauer
A Christmas Prince: The Royal Wedding,John Schultz
The Matrix,Lilly Wachowski
Bad Day for the Cut,Chris Baugh
Rukh,Atanu Mukherjee
Crazyhead,
Kaake Da Viyah,Rai Yuvraj Bains
The Untold Tales of Armistead Maupin,Jennifer M. Kroot
Jimi Hendrix,Joe Boyd
Skin Trade,Ekachai Uekrongtham
Shaitan,Bejoy Nambiar
Rock My Heart,Hanno Olderdissen
Last Chance U,
Hymn of Death,
The Conjuring,James Wan
Live Up To Your Name,
The Boy Who Harnessed the Wind,Chiwetel Ejiofor
ARASHI's Diary -Voyage-,
Born Strong,Gary Cohen
Juana Brava,
Merlin,James Hawes
In Darkness,Anthony Byrne
Alien Warfare,Jeremiah Jones
The Unknown Girl, Luc Dardenne
The Black Room,Rolfe Kanefsky
IBOY,Adam Randall
Rivaaz,Ashok Nanda
Ghanchakkar,Raj Kumar Gupta
Surf's Up, Chris Buck
Paris Is Burning,Jennie Livingston
Highly Strung,Scott Hicks
The Photographer Of Mauthausen,Mar Targarona
The Hatred,Michael G. Kehoe
New York Minute,Dennie Gordon
Mystic Whispers,
Madam Secretary,
Lost in London,Sunkanmi Adebayo
Hell and Back,Tom Gianas
Malena Pichot: Estupidez compleja,Raúl Campos
Hiroshima: The Real History,Lucy van Beek
The Battle of Midway,John Ford
Katha,Sai Paranjape
Revisions,
Pyaar Ke Side Effects,Saket Chaudhary
Felipe Esparza: They're Not Going to Laugh at You,Scott L. Montoya
Pioneers of African-American Cinema, Spencer Williams
I Dream Of Dance,Maria Demeshkina Peek
Hickok,Timothy Woodward Jr.
Rita,
The Command,Thomas Vinterberg
Zokkomon,Satyajit Bhatkal
"Trailer Park Boys: Drunk, High and Unemployed: Live in Austin", Mike Smith
Offspring,
Angel 'N' Devil,
Lucha: Playing the Impossible,Ana Quiroga
Miracle,Gavin O'Connor
We Are Family,Sidharth Malhotra
If I Hadn't Met You,
Rocky,John G. Avildsen
The Free Man,Toa Fraser
Love Your Garden,
Power Rangers: Megaforce: The Robo Knight Before Christmas,James Barr
Sym-Bionic Titan,
King's Ransom,Jeffrey W. Byrd
The Fix,
Safe,
Paint It Black,Amber Tamblyn
Wolves,Bart Freundlich
Unbridled,Jota Linares
Good Sam,Kate Melville
Center Stage,Nicholas Hytner
Sthaniya Sambaad, Moinak Biswas
Driven to Dance,
Ali Wong: Hard Knock Wife,Jay Karas
Kill the Irishman,Jonathan Hensleigh
Yoo Byung Jae: Too Much Information,Yoo Byung-jae
Men in Black,Barry Sonnenfeld
Noblemen,Vandana Kataria
Godless,
Kuldip Patwal: I Didn't Do It!,Remy Kohli
The Five Venoms,Cheh Chang
Pocoyo & Cars,
Patriot Games,Phillip Noyce
Painted Faces,Alex Law
Camera Store,Scott Marshall Smith
Otherhood,
Holy Goalie,Curro Velázquez
The 101-Year-Old Man Who Skipped Out on the Bill and Disappeared,Felix Herngren
Cabins in the Wild with Dick Strawbridge,
Three Wives One Husband,
Don 2,Farhan Akhtar
Hustle & Flow,Craig Brewer
​Mayurakshi,Atanu Ghosh
Trash,Stephen Daldry
Ujala,Naresh Saigal
Samson, Gabriel Sabloff
Miniforce X,
A StoryBots Christmas, Jeff Gill
Triumph of the Heart,Richard Michaels
Todo Sobre El Asado,Mariano Cohn
Sofía Niño de Rivera: Exposed, Jan Suter
Hunt to Kill,Keoni Waxman
The Fear of 13,David Sington
If I were an Animal,
In Between,
Saudi Arabia Uncovered,
Bad Boys II,Michael Bay
Buddha,
Tales From the Hood 2,Rusty Cundieff
Inkaar,Sudhir Mishra
Victorious,
"Love, Death & Robots",
The Ugly Truth,Robert Luketic
Austin Powers: The Spy Who Shagged Me,Jay Roach
Mi Obra Maestra,Gastón Duprat
Spark,
Alias Grace,
The Water Horse: Legend of the Deep,Jay Russell
Anon,Andrew Niccol
"Michael Bolton's Big, Sexy Valentine's Day Special", Akiva Schaffer
Mea Culpa,Raúl Campos
Game Over (Tamil Version),Ashwin Saravanan
Baahubali: The Beginning (Hindi Version),S.S. Rajamouli
Wine Country,Amy Poehler
Rebellion,
Kingdoms of the Sky,Steve Greenwood
Friend Request,Simon Verhoeven
Trailer Park Boys: Xmas Special,Mike Clattenburg
Vientos de agua,
Shepherds and Butchers,Oliver Schmitz
Mahabharat,Amaan Khan
Raajneeti,Prakash Jha
72 Cutest Animals,
Casino Tycoon,Wong Jing
Cheer,
Paddleton,Alex Lehmann
Danur: I Can See Ghosts,Awi Suryadi
Skin Wars: Fresh Paint,
A Noble Intention,Joram Lürsen
Bromance,
اشتباك,Mohamed Diab
Saving Mr. Banks,John Lee Hancock
My Daddy is in Heaven,Waymon Boone
(T)ERROR,Lyric R. Cabral
Strange Voices,Arthur Allan Seidelman
Trainspotting,Danny Boyle
Patria,Matías Gueilburt
Kahaani,Sujoy Ghosh
Jodhaa Akbar,Ashutosh Gowariker
Care Bears & Cousins,
Miss J Contemplates Her Choice,Jason Lai
Manglehorn,David Gordon Green
Inborn Pair,
El club de los buenos infieles,
NOVA: Building Chernobyl's MegaTomb,Martin Gorst
Maron,
Bruno and Boots: Go Jump in the Pool,Vivieno Caldinelli
Don Quixote: The Ingenious Gentleman of La Mancha, Austin Kolodney
Now More Than Ever: The History of Chicago,Peter Pardini
Demetri Martin: Live (At the Time),Jay Karas
Toon,
Geronimo Stilton,Guy Vasilovich
The Diabolical,Alistair Legrand
"It's Okay, Buddy",Hani Hamdi
Surf's Up,Ash Brannon
Unrest,Jennifer Brea
Brick,Rian Johnson
Revolting Rhymes,Jani Lachauer
Dark Matter,
Manson Family Vacation,J. Davis
Harishchandrachi Factory,Paresh Mokashi
Street Food,
Aussie Gold Hunters,
The Matrix Revolutions,Lilly Wachowski
Jewel's Catch One,C. Fitz
Once Upon a Time, Michael Waxman
Outlawed,Adam Collins
The Super Parental Guardians,Joyce Bernal
The Right One,Hadi El Bagoury
Hurricane Bianca: From Russia With Hate,Matt Kugelman
Close Your Eyes Before It’s Dark,
Sardaar ji,Rohit Jugraj
Queens vs. Kings,
28 Moons,
Katherine Ryan: Glitter Room,Linda Mendoza
Görümce,Kıvanç Baruönü
Kajraare,Pooja Bhatt
Private Life,Tamara Jenkins
Carrie,Brian De Palma
Love,Gaspar Noé
True to the Game,Preston A. Whitmore II
Million Yen Women,
Krish Trish and Baltiboy: Face Your Fears,Tilak Shetty
Kahlil Gibran's The Prophet, Gaëtan Brizzi
The Plan,Keerthi
Elisa & Marcela,Isabel Coixet
My Little Pony Friendship Is Magic: Best Gift Ever,Denny Lu
Marriage Story,Noah Baumbach
Teenage Mutant Ninja Turtles,Kevin Munroe
Bibi & Tina: Girls Versus Boys,Detlev Buck
Exclusive Edition,James Lee
The Haunting of Molly Hartley,Mickey Liddell
48 Christmas Wishes,Marco Deufemia
The Price of Success,Teddy Lussi-Modeste
Familiye,Sedat Kirtan
When I See You Again,
MeatEater,
13 Cameras,Victor Zarcoff
Internet Famous,Michael Gallagher
Dhia Sofea,
Motor Mitraan Di,Amitoj Mann
Cahaya Dari Timur Beta Maluku,Angga Dwimas Sasongko
Dear Santa,Jason Priestley
A Young Doctor's Notebook and Other Stories,
Fishtail,Andrew Renzi
Lavender,
Hunter's Prayer,Jonathan Mostow
Kung Fu Panda: Secrets of the Scroll,Rodolphe Guenoden
The Negro Soldier,Stuart Heisler
Oasis: Supersonic,Mat Whitecross
Movie 43, Steve Carr
Badalte Rishton Ki Dastaan,
The Tenth Man,Daniel Burman
Love and Fortune,
Cleopatra Jones,Jack Starrett
Sam & Cat,
Stretch Armstrong: The Breakout,Victor Cook
Hikaru Utada Laughter in the Dark Tour 2018,
Call Me Francis,
Our Godfather, Andrew Meier
Thithi,Raam Reddy
Selfless,Tarsem Singh
Walt Disney Animation Studios Short Films Collection, Byron Howard
Crossroads: One Two Jaga,Nam Ron
Luis Miguel - The Series,
Hitch,Andy Tennant
The Trust,Ben Brewer
Barça Dreams,Jordi Llompart
Rise: Ini Kalilah, M.S. Prem Nath
Little Things,
When the Camellia Blooms,
"Bikram: Yogi, Guru, Predator",Eva Orner
The Unknown Girl,Jean-Pierre Dardenne
Girls und Panzer der Film,Tsutomu Mizushima
Boca Juniors Confidential,
Mortified Nation,Michael Mayer
The Pass,Ben A. Williams
Defying the Nazis: The Sharps' War, Artemis Joukowsky
Vexed,
God of War,Gordon Chan
Mean Streets,Martin Scorsese
For the Win,
The NSU-Complex, Dirk Laabs
Diana: 7 Days That Shook the World,Ben Ryder
Samantha!,
Wartime Portraits,
The Movies That Made Us,
To All the Boys I’ve Loved Before,Susan Johnson
The Could’ve-Gone-All-the-Way Committee,
Sisters,
Heroine,Madhur Bhandarkar
Santa Clarita Diet,
The InBESTigators,
Phobia 2, Visute Poolvoralaks
Breath,Simon Baker
Interview with a Serial Killer,Christopher Martin
Gender Revolution: A Journey with Katie Couric,
Norm of the North: Keys to the Kingdom,Tim Maltby
Kaaliyan,Jijo Pancode
The Seven Deadly Sins,
Daniel Sloss: Live Shows,
The Healing Powers of Dude,
After Maria,Nadia Hallgren
Finally Found Someone,Theodore Boborol
Veerappan,Ram Gopal Varma
April and the Extraordinary World,Christian Desmares
Jeff Foxworthy and Larry the Cable Guy: We’ve Been Thinking...,Jay Karas
Black Spot,
Monty Python: Live at Aspen,
Little Singham aur Kaal ka Mahajaal,Prakash Satam
Spy Kids: Mission Critical,
Buffalo Boys,Mike Wiluan
Women Behind Bars,
The Curious Creations of Christine McConnell,
Ringan,Makarand Mane
The Super,Stephan Rick
V for Vendetta,James McTeigue
Pinky Malinky,
Kevin Hart's Guide to Black History,Tom Stern
The Debt Collector,Jesse V. Johnson
Salam - The First ****** Nobel Laureate,Anand Kamalakar
The Parole Officer,John Duigan
Locked Up,Jared Cohn
To Be a Miss,Edward Ellis
The Queen of Flow,
Mune: Guardian of the Moon,Alexandre Heboyan
Phobia 2, Paween Purikitpanya
The Holiday Calendar,Bradley Walsh
Durarara!!,
Jim Gaffigan: Cinco,Jeannie Gaffigan
Violet Evergarden: Special,
La Coppia dei Campioni,Giulio Base
The Devil Inside,William Brent Bell
The Adjusters,
Aarakshan,Prakash Jha
Mad World,Chun Wong
Let's Dance,Ladislas Chollat
Initial D, Alan Mak
The Great Battle,
Handsome: A Netflix Mystery Movie,Jeff Garlin
Christmas in the Heartland,Harvey Lowry
Apostle,Gareth Evans
Melle,Binu Ulahhannan
Thumper,Jordan Ross
Encerrados,
Disjointed,
City of Joy,Madeleine Gavin
Kahlil Gibran's The Prophet, Nina Paley
The Love Guru,Marco Schnabel
Eli,Ciarán Foy
Chhota Bheem Kung Fu Dhamaka Series,
LAST HOPE,
How to Get Over a Breakup, Bruno Ascenzo
Life Plan A and B,
Garuda Di Dadaku,Ifa Isfansyah
The Lost Brother,Israel Adrián Caetano
Magic for Humans,
Sex Education,
Nuestra Lucha Libre,
Lunatics,
Irada Pakka,Kedar Shinde
Chhota Bheem Aur Kaala Yodha,Sidheswar Shukla
A Gray State,Erik Nelson
Run,Jeeva
The Fierce Wife,
Yes We Can!,
Maine Pyar Kiya,Sooraj R. Barjatya
Footprints: The Path of Your Life,Juan Manuel Cotelo
Ghost Town Gold,
Northern Rescue,
Tucker and Dale vs. Evil,Eli Craig
Bard of Blood,
Dark Chocolate (Bengali Version),Agnidev Chatterjee
Marlon Wayans: Woke-ish,Marcus Raboy
Sat Sri Akal,Kamal Sahani
Why Are We Getting So Fat?,Milla Harrison-Hansley
Chip and Potato,
Phantom Boy, Alain Gagnol
Doctor Foster,
The Ritual,David Bruckner
La Grande Chaumière Violette,
Haider,Vishal Bhardwaj
The Office (U.S.),
The Lamb,Timothy Reckart
Bobby Kennedy for President,Dawn Porter
The 4400,
Sons of Ben,Jeffrey C. Bell
Mexicanos de Bronce,Julio Fernández Talamantes
Cosmos Laundromat: First Cycle,Mathieu Auvray
Cappuccino,Noushad
Dead Kids,Mikhail Red
Scooby-Doo!: Mystery Incorporated,
The Natural,Barry Levinson
Lilli,Prasobh Vijayan
Hard Tide, Nathanael Wiseman
Murder Maps,
Jamtara - Sabka Number Ayega,Soumendra Padhi
Caregiver,Chito S. Roño
The Good Cop,
Roll Red Roll,Nancy Schwartzman
Bad Genius,Nattawut Poonpiriya
In the Shadow of the Moon,Jim Mickle
Well-Intended Love,
Tracy Morgan: Staying Alive,Ryan Polito
Pachamama,Juan Antin
Derren Brown: The Push,
Shikari, Umesh Mehra
The Christmas Project,Michael Buster
"Lock, Stock and Two Smoking Barrels",Guy Ritchie
Zindagi Na Milegi Dobara,Zoya Akhtar
The Butterfly's Dream,Yılmaz Erdoğan
Puss in Book: Trapped in an Epic Tale, Johnny Castuciano
Chal Mere Bhai,David Dhawan
Ek Khiladi Ek Haseena,Suparn Verma
Bayonet,Kyzza Terrazas
The Last Whistle,Rob Smat
The Kindergarten Teacher,Sara Colangelo
Krish Trish and Baltiboy: The Greatest Trick,Munjal Shroff
Abominable Christmas,Chad Van De Keere
Shine On with Reese,
Killa,Avinash Arun
Casa de mi Padre,Matt Piedmont
My Sassy Girl,
Hurricane Bianca,Matt Kugelman
Puriyatha Puthir,Ranjit Jeyakodi
Just Love, Diego Corsini
English Babu Desi Mem,Praveen Nischol
Khoon Khoon,Mohammed Hussain
Pocoyo Special Sports,Guillermo Garcia
Life,
Santa Claws,Glenn Miller
The Seventies,
Deliha,Hakan Algül
El Cartel,
Little Lunch: The Nightmare Before Graduation,Robyn Butler
Ekşi Elmalar,Yılmaz Erdoğan
Springsteen on Broadway,Thom Zimny
Steve Jobs,Danny Boyle
Melodies of Life - Born This Way,
R.L. Stine's Mostly Ghostly,Richard Correll
Mike Birbiglia: Thank God for Jokes, Mike Birbiglia
Penelope,Mark Palansky
Bill Burr: Paper Tiger,Mike Binder
Sky Ladder: The Art of Cai Guo-Qiang,Kevin MacDonald
Hide and Seek,Liu Jie
Mehandi Circus,Saravana Rajendran
Jackpot,Dustin Nguyen
The D Train,Jarrad Paul
AMO,
ReMastered: The Miami Showband Massacre,Stuart Sender
ReMastered: Who Killed Jam Master Jay?,Brian Oakes
Eye For An Eye,Paco Plaza
Four Weddings and a Funeral,Mike Newell
Hokkabaz,Ali Taner Baltacı
Blue Mountain State: The Rise of Thadland,Lev L. Spiro
White Nights,
Satu Hari,
The Writer,
The Club,
Hot Girls Wanted,Jill Bauer
Ask the Doctor,
The Discovery,Charlie McDowell
Hell or High Water,David Mackenzie
Barbie Life in the Dreamhouse,
Spookley the Square Pumpkin,Bernie Denk
Monster High: New Ghoul at School,Audu Paden
Cabin Fever,Travis Zariwny
Anohana: The Flower We Saw That Day,
Krish Trish and Baltiboy: Battle of Wits,Munjal Shroff
The Yard,
Christiane Amanpour: Sex & Love Around the World,
Pegasus,Han Han
Christine,Antonio Campos
The Croods, Chris Sanders
Hoodwinked Too! Hood vs. Evil,Mike Disa
Marvel's Jessica Jones,
Seven Sundays,Cathy Garcia-Molina
Don Quixote: The Ingenious Gentleman of La Mancha, Dave Dorsey
Luv Shuv Tey Chicken Khurana,Sameer Sharma
Akulah Balqis,Pali Yahya
The Master,Paul Thomas Anderson
Shark Night,David R. Ellis
Bon Bini Holland,Jelle de Jonge
Hridaynath,Amar Gupte
Mona Lisa Smile,Mike Newell
Executive Decision,Stuart Baird
The West Wing,
Skyline, Greg Strause
Iron Fists and Kung-Fu Kicks,Serge Ou
Tere Naal Love Ho Gaya,Mandeep Kumar
LEGO House - Home of the Brick,Anders Falck
American Beauty,Sam Mendes
Winter Sun,
Anthony Jeselnik: Fire in the Maternity Ward,Marcus Raboy
Harriet the Spy: Blog Wars,Ron Oliver
The Great British Baking Show: Holidays,
JFK: The Making of a President,Edward Cotterill
O Silêncio do Céu,Marco Dutra
Amy Schumer Growing,Amy Schumer
The Mayo Clinic,Ken Burns
The Beast Stalker,Dante Lam
Secrets of Selfridges,Sam Taplin
Wrong No.,Yasir Nawaz
72 Dangerous Animals: Asia,
Wandering Stars,Syrine Boulanouar
Trailer Park Boys: Out of the Park: USA,
The Bucket List,Rob Reiner
Rake,
The Desert Bride,Cecilia Atán
Glitter Force Doki Doki,Go Koga
Barfi!,Anurag Basu
Sahara,Pierre Coré
Tarzan 2,Brian Smith
Clash of the Titans,Louis Leterrier
Paradise PD,
Dragons: Dawn of the Dragon Racers,Elaine Bogan
Scream,
Bangkok Love Stories: Hey You!,
Dancing Quietly,Philipp Eichholtz
Historical Roasts,
Darr Sabko Lagta Hai,
The Crow,Alex Proyas
NOVA: Holocaust Escape Tunnel, Kirk Wolfinger
Fallen,Gregory Hoblit
The Super Mario Bros. Super Show!,
Roots,Shweta Basu Prasad
Berlin Calling,Hannes Stöhr
Greenhouse Academy,
Kismat Konnection,Aziz Mirza
Mirzya,Rakeysh Omprakash Mehra
The Push,Grant Korgan
​Goli Soda 2,Vijay Milton
Operation Red Sea,Dante Lam
Trailer Park Boys: Out of the Park: Europe,
Flaked,
Don Quixote: The Ingenious Gentleman of La Mancha, Brandon Somerhalder
Oye Lucky! Lucky Oye!,Dibakar Banerjee
GODZILLA The Planet Eater,Kobun Shizuno
What Happened to Monday,Tommy Wirkola
The Waterboy,Frank Coraci
The Walls of the Moon,Ossama Abu El Atta
Stink!,Jon J. Whelan
Styling Hollywood,
Princess Cyd,Stephen Cone
Engineering Girls,
Soni,Ivan Ayr
The Damned Rain,Satish Manwar
Sweeney Todd: The Demon Barber of Fleet Street,Tim Burton
Loving is Losing,Fernando Ayllón
Power Rangers Jungle Fury,
Paris Is Us,Elisabeth Vogler
Thunderbolt, John Sturges
Luccas Neto in: Summer Camp,Lucas Margutti
Lez Bomb,Jenna Laurenzo
The Jane Austen Book Club,Robin Swicord
A Tale of Two Kitchens,Trisha Ziff
Outlaw King,David Mackenzie
Just You,
Beyond Skyline,Liam O'Donnell
Once Upon a Time, Ralph Hemecker
Vaya,Akin Omotoso
Liss Pereira: Reteniendo líquidos,Fernando Ayllón
Dragonheart: Battle for the Heartfire,Patrik Syversen
Robotech,
Ee Nagaraniki Emaindi,Tharun Bhascker
White Girl,Elizabeth Wood
Battlefield Recovery,
Silent, Brandon Oldenburg
Set It Up,Claire Scanlon
Private Practice,
Insidious,James Wan
Beauty and the Bestie,Wenn V. Deramas
Mississippi Grind, Ryan Fleck
Strike a Pose,Ester Gould
Prague,Ashish R. Shukla
Glee,
Superstar,Bruce McCulloch
Tales of the City (1993),
Awe,Prasanth Varma
What Is Love?,
The Flash,Glen Winter
Meghnadbodh Rohoshyo,Anik Datta
Maid-Sama!,
The Future of Water,
The Republic of Imbaba,Ahmed Al-Badry
High End Yaariyan,Pankaj Batra
JoJo's Bizarre Adventure,
"Berlin, I Love You",
The Heyday of the Insensitive Bastards, Vanita Shastry
The Fundamentals of Caring,Rob Burnett
Mumbai Cha Raja,Manjeet Singh
Bioscope,Gajendra Ahire
Hasta los dientes,Alberto Arnaut Estrada
Once Upon a Time, Bryan Spicer
Shortcut Safari,Amitabha Singh
Bitcoin Heist,Ham Tran
A Mighty Team,Thomas Sorriaux
In Defense of a Married Man,Joel Oliansky
Bbuddah Hoga Terra Baap,Puri Jagannadh
Gollu Aur Pappu,Kabir Sadanand
Kya Kehna,Kundan Shah
Bhavesh Joshi Superhero,Vikramaditya Motwane
Bakugan: Battle Planet,
Ég man þig,Óskar Thór Axelsson
Todd Glass: Act Happy,Scott Moran
Mitt,Greg Whiteley
Pee-wee's Playhouse,
The Spy Who Fell to Earth,Thomas Meadmore
The Walls of the Moon, Tarek Al Eryan
El fin de ETA,Justin Webster
NiNoKuni,Yoshiyuki Momose
Face 2 Face,Matt Toronto
Ghost Pain,Kazuchika Kise
The Rat Race,Miriam Chandy Menacherry
Monster High: Friday Night Frights,Dustin McKenzie
Republic of Doyle,
Inside Man: Most Wanted,Michael J. Bassett
Step Sisters,Charles Stone III
Edgar Rice Burroughs' Tarzan and Jane,
Buddy Thunderstruck,
Somebody Feed Phil,
U Turn,Pawan Kumar
The Mitfords: A Tale of Two Sisters,Edward Cotterill
The Land of Steady Habits,Nicole Holofcener
The Gift,Sam Raimi
Suzzanna: Buried Alive,Rocky Soraya
Bringing Sexy Back,
Professor Mack,Christopher Nolen
Seven Pounds,Gabriele Muccino
DJ Cinderella,Bruno Garotti
Greenleaf,
The Body Remembers When the World Broke Open,Elle-Máijá Tailfeathers
Kibaoh Klashers,
Match,Stephen Belber
Rang De Basanti,Rakeysh Omprakash Mehra
Mighty Little Bheem: Diwali,
Wolf,
We Are Young. We Are Strong.,Burhan Qurbani
"River, el más grande siempre",Marcelo Altmark
Ghulam-E-Musthafa,Partho Ghosh
The Honeymoon Stand Up Special,
Great Yellowstone Thaw,
Nature: Raising the Dinosaur Giant,
Panic Room,David Fincher
Dying to Tell,Hernán Zin
"¡Ay, mi madre!",Frank Ariza
Sturgill Simpson Presents Sound & Fury, Hajime Sasaki
"Hello, My Twenties!",
Soul Eater,
Chance Pe Dance,Ken Ghosh
Farce,Shadi Ali
Tunnel,
Saadey CM Saab,Vipin Parashar
Hibana: Spark,
Struggle: The Life and Lost Art of Szukalski,Irek Dobrowolski
A Fairly Odd Summer,Savage Steve Holland
John Mellencamp: Plain Spoken,
The Inbetweeners,
Haunters: The Art of the Scare,Jon Schnitzer
I Am Maris,Laura VanZee Taylor
Rebirth,Karl Mueller
Incorruptible,Elizabeth Chai Vasarhelyi
Abnormal Summit, Seung-uk Jo
Spitfire: The Plane that Saved the World,David Fairhead
Mission: Destroy Love,Osman Ali
"Drugs, Inc.",
Natalia Valdebenito: El especial,Raúl Campos
Maharaja: The Story of Ranjit Singh,Amarjit Virdi
DeRay Davis: How to Act Black,Marcus Raboy
House of Cards,
Happy Hunting,Joe Dietsch
Life Story,
Recall,Michael James Regan
Nang Nak,Nonzee Nimibutr
Kyaa Kool Hai Hum,Sangeeth Sivan
Solo: A Star Wars Story,Ron Howard
Atelier,
Monarca,
The Kindness Diaries,
El último testigo,Philipp Stölzl
The Danish Girl,Tom Hooper
Hati Perempuan,
Ocean's Eleven,Lewis Milestone
Zoé: Panoramas, Gabriel Cruz Rivas
Santa's Apprentice,Luc Vinciguerra
Suicide (Hitabdut),Benny Fredman
Our Planet - Behind The Scenes,
Isoken,Jadesola Osiberu
Wild Arabia,
Estar o no estar,Marcelo González
The Great British Baking Show,Andy Devonshire
Ponysitters Club,
Care of Kancharapalem,Maha Venkatesh
Abnormal Summit,Jung-ah Im
S Storm,David Lam
Life of An Outcast,Pawan K Shrivastava
Stray Bullet,Jean-Cosme Delaloye
Brave New Jersey,Jody Lambert
Porto,Gabe Klinger
Bangkok Hell,Manop Janjarasskul
Misfit,Erwin van den Eshof
Monster Island,Leopoldo Aguilar
Burning,Lee Chang-dong
Maggie & Bianca: Fashion Friends,Iginio Straffi
Dave Chappelle: Sticks & Stones,Stan Lathan
The C Word,Meghan O'Hara
Powder,
Guru Aur Bhole,
The Night Comes for Us,Timo Tjahjanto
The Most Unknown,Ian Cheney
Power Rangers Super Samurai,
Mr. Chandramouli,Thiru
Cloud Atlas,Lilly Wachowski
I Am the Pretty Thing That Lives in the House,Osgood Perkins
Mater,Pablo D'Alo Abba
Along Came a Spider,Lee Tamahori
Asees,Rana Ranbir
Agyaat,Ram Gopal Varma
Betty White: First Lady of Television,Steve Boettcher
Sky on Fire,Ringo Lam
The Pixar Story,Leslie Iwerks
Game Winning Hit,
Pac's Scary Halloween,
Best Worst Thing That Ever Could Have Happened,Lonny Price
The Spooky Tale of Captain Underpants Hack-a-ween,
Ascharyachakit!,Samit Kakkad
W1A,
Rock On!!,Abhishek Kapoor
Father Brown,Ian Barber
Revenge of the Green Dragons, Andrew Loo
All the Boys Love Mandy Lane,Jonathan Levine
Falz Experience,Falz
Kung Fu Yoga,Stanley Tong
Barry,Vikram Gandhi
Khotey Sikkey,
Lady-Like,
Roberto Saviano: Writing Under Police Protection,Pierfrancesco Diliberto
Despite Everything,Gabriela Tagliavini
War Horse,Steven Spielberg
NOVA: Killer Floods,
A Flying Jatt,Remo D'Souza
Cinta Si Wedding Planner,
Race,Mastan Alibhai Burmawalla
Glitch,
Littlest Pet Shop: A World of Our Own,
Tong: Memories,
The Unknown Known,Errol Morris
Schindler's List,Steven Spielberg
Nurses Who Kill,
Pope Francis: A Man of His Word,Wim Wenders
"Crazy, Lovely, Cool",Obi Emelonye
Crime Time,
Ten Years,Jevons Au
Dolphin Tale 2,Charles Martin Smith
Gonul,Neslihan Yesilyurt
Operation Chromite,John H. Lee
My Husband Won't Fit,
A Week in Watts,Gregory Caruso
Malevolent,Olaf de Fleur
Jupiter Ascending,Lana Wachowski
Theeya Velai Seyyanum Kumaru,Sundar C.
Jersey Boys,Clint Eastwood
Green White Green (And All the Beautiful Colours in My Mosaic of Madness),Abba T. Makama
Welcome to Sajjanpur,Shyam Benegal
Shor In the City, Krishna D.K.
Meditation Park,Mina Shum
Lifeline,Johnnie To
The Talented Mr. Ripley,Anthony Minghella
Angela's Christmas,Damien O’Connor
Love O2O,
Who's the One,
Magi: Adventure of Sinbad,
Van Helsing,
The Magic School Bus,
Camp X-Ray,Peter Sattler
Old Money,David Schalko
Trailer Park Boys Live In F**kin' Dublin, John Paul Tremblay
Orbiter 9,Hatem Khraiche
HALO Legends, Koji Sawai
Chal Dhar Pakad,Aatmaram Dharne
Power Rangers Wild Force,
The Naked Director,
Baahubali: The Beginning (Malayalam Version),S.S. Rajamouli
Flavors of Youth: International Version,Xiaoxing Yi
True: Magical Friends,
Birders,Otilia Portillo Padua
Generation Iron 2,Vlad Yudin
Mossad 101,
What the Health,Kip Andersen
Pororo - The Little Penguin,
Kaviyude Osyath,Vineeth Anil
Rumble in the Bronx,Stanley Tong
I AM A KILLER,
The Truth Seekers,
Mar de Plástico,
Tamasha,Imtiaz Ali
Girls Hostel,
Sam Kinison: The Scream Continues,
A Dangerous Woman,Stephen Gyllenhaal
Space Cowboys,Clint Eastwood
Iris,
Zoo,Shlok Sharma
Winsanity,
Swiss Army Man,Dan Kwan
Tottaa Pataaka Item Maal,Aditya Kripalani
Knightfall,
반드시 잡는다,Hong-seon Kim
The Hollow,
XXX: State of the Union,Lee Tamahori
Transfers,
Tanu Weds Manu,Aanand Rai
Holy Hell,Will Allen
Domino,Brian De Palma
The Last O.G.,
"Ram Dass, Going Home",Derek Peck
The Good Place,
Darra,Parveen Kumar
Cheuk Wan-Chi: Two Night Stand,
Katt Williams: Kattpacalypse,Marcus Raboy
Honeymoon Travels Pvt. Ltd.,Reema Kagti
At All Costs,Mike Nicoll
Memoir of a Murderer,Shin-yeon Won
From One Second to the Next,Werner Herzog
City of God, Katia Lund
Once Again,Kanwal Sethi
Road to Yesterday,Ishaya Bako
Paul Hollywood's Big Continental Road Trip,
Ramayan,
Raiders!: The Story of the Greatest Fan Film Ever Made, Tim Skousen
Ricardo O'Farrill: Abrazo navideño,Raúl Campos
Arisan 2,Nia Dinata
Power Rangers Time Force,
Seeing Allred, Sophie Sartain
Power Rangers Operation Overdrive,
Salt Fat Acid Heat,
Natural Selection,Chad L. Scheifele
Teasing Master Takagi-san,
Chasing Cameron,
Harold & Kumar Escape from Guantanamo Bay, Hayden Schlossberg
Super Bheem,
Marvel's The Defenders,
Nobody Speak: Trials of the Free Press,Brian Knappenberger
Spy Kids 2: The Island of Lost Dreams,Robert Rodriguez
Léa & I,Camille Shooshani
Jaan-E-Mann: Let's Fall in Love... Again,Shirish Kunder
Lovesick,
Single Ladies Senior,
The Dragon Prince,
My Wife and I,Bunmi Ajakaiye
Ocean's Twelve,Steven Soderbergh
Prosecuting Evil: The Extraordinary World of Ben Ferencz,Barry Avrich
We're No Animals,Alejandro Agresti
BNK48: Girls Don't Cry,Nawapol Thamrongrattanarit
Kahlil Gibran's The Prophet, Joan C. Gratz
Como caído del cielo,Pepe Bojórquez
This Is Not What I Expected,Derek Hui
I Am Sun Mu,Adam Sjöberg
A.D. Kingdom and Empire,
Kuntilanak,Rizal Mantovani
Spanish Affair 2,Emilio Martínez Lázaro
Firebrand,Aruna Raje
Chappie,Neill Blomkamp
Covered: Alive in Asia, Galley Molina
Padamu Aku Bersujud,
Top Boy,
Dad's Army,
Here to Heart,
Zed Plus,Chandra Prakash Dwivedi
Indiana Jones and the Temple of Doom,Steven Spielberg
Boy Missing,Mar Targarona
Black Heart,
Dante's Peak,Roger Donaldson
Pan's Labyrinth,Guillermo del Toro
French Dirty, Jesse Allain-Marcus
The Dawn Wall,Peter Mortimer
Court Justice,
The Mansion,Tony Datis
Back to the 90s,Yanyong Kuruaungkoul
True and the Rainbow Kingdom,
Meet the Trumps: From Immigrant to President,Paul Berczeller
Moonwalkers,Antoine Bardou-Jacquet
Tellur Aliens,Einar Gabbassov
Tramps,Adam Leon
Jiro Dreams of Sushi,David Gelb
I Hear You,
Trigger Warning with Killer Mike,
Droppin' Cash: Los Angeles,
Life in a ... Metro,Anurag Basu
American Factory,Steven Bognar
Yours Fatefully,
Gangs of New York,Martin Scorsese
Theeram,Saheed Arafath
Dating Around,
YooHoo to the Rescue,
District 9,Neill Blomkamp
Meet the Trumps: From Immigrant to President, Mark Radice
Earthquake Bird,Wash Westmoreland
Wake Up,
MindGamers,Andrew Goth
Kurbaan,Renzil D'Silva
Pitaah,Mahesh Manjrekar
Democrats,Camilla Nielsson
Krish Trish and Baltiboy: Best Friends Forever, Tilak Shetty
Argon,
Tales of the City,
Mugamoodi,Mysskin
Terrace House: Aloha State,
X: Past Is Present, Pratim D. Gupta
Road to Sangam,Amit Rai
Tig,Kristina Goolsby
The Outsiders,
Kiss Me First,
"Plaire, aimer et courir vite",Christophe Honoré
About a Boy,Chris Weitz
What the F* Is Going On?, Rosa Márquez
Kara Bela,Burak Aksak
Gangs of Hassepur,
I Don't Feel at Home in This World Anymore,Macon Blair
Age of Rebellion,Peter Ho
Tope: The Bait,Buddhadev Dasgupta
A Kind of Murder,Andy Goddard
Ugly Aur Pagli,Sachin Kamlakar Khot
Tobot,
Super Monsters,
National Parks Adventure,Greg MacGillivray
The Humanity Bureau,Rob W. King
Le serment des Hitler,Emmanuel Amara
Aadu 2,Midhun Manuel Thomas
Under the Eiffel Tower,Archie Borders
Trevor Noah: Afraid of the Dark,David Paul Meyer
Terrace House: Boys & Girls in the City,
Two Catalonias, Gerardo Olivares
People Just Do Nothing,
Nature: Animals With Cameras,
The Duel,Kieran Darcy-Smith
"Extremely Wicked, Shockingly Evil and Vile",Joe Berlinger
X: Past Is Present, Rajshree Ojha
Whindersson Nunes: Adult,Diego Pignataro
Prelude to War,Frank Capra
Poster Boys,Shreyas Talpade
The Birth Reborn,Eduardo Chauvet
Instructions Not Included,Eugenio Derbez
HALO Legends, Joseph Chou
Monty Python: Before the Flying Circus,Will Yapp
Sword Masters: Two Champions of Shaolin,Cheh Chang
Krutant,Datta Mohan Bhandare
More to Say,
"Sincerely Yours, Dhaka", Golam Kibria Farooki
One Day at a Time,
Hip-Hop Evolution,
Designated Survivor: 60 Days,
The 24 Hour War,Nate Adams
Loving Annabelle,Katherine Brooks
Gotham,Danny Cannon
Cloverfield,Matt Reeves
For Here or to Go?,Rucha Humnabadkar
Edoardo Ferrario: Temi Caldi,Francesco Imperato
Phamous,Karan Lalit Butani
Up in the Air,Jason Reitman
First Kiss,Roy Poortmans
7SEEDS,
The Fury of a Patient Man,Raúl Arévalo
What's Eating Gilbert Grape,Lasse Hallström
Norm of the North: King Sized Adventure, Tim Maltby
The Oath,
"Sincerely Yours, Dhaka", Abdullah Al Noor
Arctic Heart,Marie Madinier
Walt Disney Animation Studios Short Films Collection, Kevin Deters
American Crime Story: The People v. O.J. Simpson,
No Tomorrow,
Charmed,
And Breathe Normally,Ísold Uggadóttir
Bokeh, Andrew Sullivan
"Dana Carvey: Straight White Male, 60",Marcus Raboy
Dance Academy,
One Day,Banjong Pisanthanakun
Sakhi,Sanjay Soorkar
Diablero,
Mission Blue, Fisher Stevens
Dogs,
Rahasya,Manish Gupta
Svaha: The Sixth Finger,Jang Jae-hyun
Kevyn Aucoin: Beauty & the Beast in Me,Lori Kaye
All Light Will End,Chris Blake
Dear Ex, Mag Hsu
Lagaan,Ashutosh Gowariker
The Indian Detective,
Steve Martin and Martin Short: An Evening You Will Forget for the Rest of Your Life,Marcus Raboy
Malibu Rescue,Savage Steve Holland
Bo on the Go!,
Movie 43, James Gunn
Laal Rang,Syed Ahmad Afzal
X: Past Is Present, Abhinav Shiv Tiwari
Time Share,Sebastián Hofmann
Muramba,Varun Narvekar
Connected,Benny Chan
Sicilian Ghost Story,Fabio Grassadonia
I Am Michael,Justin Kelly
Richard Pryor: Live in Concert,Jeff Margolis
Once Upon a Time in Mumbaai,Milan Luthria
Anwar,Manish Jha
#Rucker50,Robert McCullough Jr.
Neruda,Pablo Larraín
LEGO Marvel Super Heroes: Guardians of the Galaxy,
Silencer,Timothy Woodward Jr.
Race 2,Abbas Alibhai Burmawalla
Elles étaient en guerre 1939-1945, Fabien Beziat
Small Crimes,Evan Katz
Kong: King of the Apes,
On Yoga The Architecture of Peace,Heitor Dhalia
Devilman Crybaby,Masaaki Yuasa
Journey to Greenland,Sébastien Betbeder
Monster High: Why Do Ghouls Fall in Love?, Steve Sacks
